지역,도로명전체주소,업태구분명,의료인수,입원실수,병상수,진료과목내용명
충청남도,충청남도 당진시 반촌로 5-15 (시곡동),종합병원,74,72,259,"내과, 신경과, 외과, 정형외과, 신경외과, 성형외과, 마취통증의학과, 소아청소년과, 비뇨의학과, 영상의학과, 진단검사의학과, 재활의학과, 직업환경의학과, 응급의학과"
경기도,경기도 화성시 큰재봉길 7 (석우동),종합병원,1051,213,781,"내과, 신경과, 정신건강의학과, 외과, 정형외과, 신경외과, 심장혈관흉부외과, 성형외과, 마취통증의학과, 산부인과, 소아청소년과, 안과, 이비인후과, 피부과, 비뇨의학과, 영상의학과, 방사선종양학과, 병리과, 진단검사의학과, 재활의학과, 가정의학과, 핵의학과, 응급의학과, 구강악안면외과, 치과보철과, 치과교정과, 치과보존과"
충청북도,충청북도 청주시 상당구 쇠내로 16 (금천동),종합병원,169,99,397,"내과, 신경과, 정신건강의학과, 외과, 정형외과, 신경외과, 심장혈관흉부외과, 성형외과, 마취통증의학과, 산부인과, 소아청소년과, 이비인후과, 비뇨의학과, 영상의학과, 진단검사의학과, 재활의학과, 결핵과, 가정의학과, 직업환경의학과, 응급의학과, 한방내과, 한방부인과, 한방안·이비인후·피부과, 한방신경정신과, 침구과, 구강악안면외과, 치과보철과, 치과교정과, 치주과, 통합치의학과"
충청북도,충청북도 청주시 청원구 주성로 173-19 (주중동),종합병원,382,134,410,"내과, 신경과, 정신건강의학과, 외과, 정형외과, 신경외과, 심장혈관흉부외과, 마취통증의학과, 산부인과, 소아청소년과, 안과, 이비인후과, 피부과, 비뇨의학과, 영상의학과, 병리과, 진단검사의학과, 재활의학과, 가정의학과, 응급의학과, 예방의학과"
충청북도,충청북도 청주시 상당구 단재로 106 (영운동),종합병원,176,109,429,"내과, 신경과, 정신건강의학과, 외과, 정형외과, 신경외과, 심장혈관흉부외과, 마취통증의학과, 산부인과, 소아청소년과, 이비인후과, 비뇨의학과, 영상의학과, 진단검사의학과, 재활의학과, 가정의학과, 직업환경의학과, 응급의학과, 구강악안면외과"
충청북도,충청북도 옥천군 옥천읍 성왕로 1195,종합병원,53,47,164,"내과, 신경과, 외과, 정형외과, 마취통증의학과, 산부인과, 영상의학과, 진단검사의학과, 가정의학과, 응급의학과"
충청북도,충청북도 제천시 숭문로 57 (서부동),종합병원,121,89,248,"내과, 외과, 정형외과, 신경외과, 마취통증의학과, 산부인과, 소아청소년과, 영상의학과, 병리과, 진단검사의학과, 재활의학과, 가정의학과, 직업환경의학과, 응급의학과, 구강악안면외과"
충청북도,"충청북도 제천시 내토로 991-0 (고암동,의료법인명지의료재단명지병원)",종합병원,207,50,221,"내과, 신경과, 외과, 정형외과, 신경외과, 마취통증의학과, 산부인과, 소아청소년과, 비뇨의학과, 영상의학과, 진단검사의학과, 재활의학과, 가정의학과, 핵의학과, 직업환경의학과, 응급의학과, 구강내과"
경기도,경기도 화성시 화산북로 21 (송산동),종합병원,34,65,283,"내과, 신경과, 정신건강의학과, 외과, 정형외과, 신경외과, 마취통증의학과, 산부인과, 비뇨의학과, 영상의학과, 병리과, 가정의학과, 직업환경의학과, 응급의학과"
서울특별시,"서울특별시 중랑구 망우로 511, 동부제일병원 지하1~6층 (망우동)",종합병원,94,30,124,"내과, 신경과, 외과, 정형외과, 신경외과, 마취통증의학과, 산부인과, 소아청소년과, 영상의학과, 진단검사의학과, 가정의학과"
서울특별시,서울특별시 중랑구 사가정로49길 53 (면목동),종합병원,290,71,291,"내과, 신경과, 정신건강의학과, 외과, 정형외과, 신경외과, 마취통증의학과, 산부인과, 소아청소년과, 이비인후과, 비뇨의학과, 영상의학과, 진단검사의학과, 재활의학과, 가정의학과, 직업환경의학과, 응급의학과"
서울특별시,"서울특별시 영등포구 63로 10, 여의도성모병원 (여의도동)",종합병원,766,130,440,"내과, 신경과, 정신건강의학과, 외과, 정형외과, 신경외과, 심장혈관흉부외과, 성형외과, 마취통증의학과, 산부인과, 소아청소년과, 안과, 이비인후과, 피부과, 비뇨의학과, 영상의학과, 방사선종양학과, 병리과, 진단검사의학과, 재활의학과, 가정의학과, 핵의학과, 응급의학과, 구강악안면외과, 치과보존과"
서울특별시,"서울특별시 영등포구 도림로 156, 명지성모병원 (대림동)",종합병원,192,50,225,"내과, 신경과, 외과, 정형외과, 신경외과, 마취통증의학과, 산부인과, 영상의학과, 진단검사의학과, 재활의학과, 가정의학과, 응급의학과"
서울특별시,"서울특별시 영등포구 영등포로36길 13 (영등포동4가, 충무병원)",종합병원,86,38,110,"내과, 신경과, 외과, 정형외과, 신경외과, 성형외과, 마취통증의학과, 산부인과, 영상의학과, 진단검사의학과"
서울특별시,"서울특별시 영등포구 시흥대로 657 (대림동, 대림성모병원)",종합병원,175,65,202,"내과, 신경과, 외과, 정형외과, 신경외과, 성형외과, 마취통증의학과, 산부인과, 소아청소년과, 이비인후과, 영상의학과, 방사선종양학과, 병리과, 진단검사의학과, 가정의학과, 핵의학과, 응급의학과, 구강내과"
서울특별시,서울특별시 서초구 반포대로 222 (반포동),종합병원,3130,459,1370,"내과, 신경과, 정신건강의학과, 외과, 정형외과, 신경외과, 심장혈관흉부외과, 성형외과, 마취통증의학과, 산부인과, 소아청소년과, 안과, 이비인후과, 피부과, 비뇨의학과, 영상의학과, 방사선종양학과, 병리과, 진단검사의학과, 재활의학과, 가정의학과, 핵의학과, 직업환경의학과, 응급의학과, 구강악안면외과, 치과보철과, 치과교정과, 치주과, 치과보존과"
서울특별시,"서울특별시 영등포구 버드나루로7길 12 (영등포동7가, 한강성심병원)",종합병원,162,39,144,"내과, 신경과, 정신건강의학과, 외과, 정형외과, 신경외과, 심장혈관흉부외과, 성형외과, 마취통증의학과, 산부인과, 소아청소년과, 안과, 이비인후과, 피부과, 비뇨의학과, 영상의학과, 병리과, 진단검사의학과, 재활의학과, 가정의학과, 직업환경의학과, 응급의학과, 구강악안면외과"
서울특별시,"서울특별시 영등포구 신길로 1 (대림동, 강남성심병원)",종합병원,1057,125,539,"내과, 신경과, 정신건강의학과, 외과, 정형외과, 신경외과, 심장혈관흉부외과, 성형외과, 마취통증의학과, 산부인과, 소아청소년과, 안과, 이비인후과, 피부과, 비뇨의학과, 영상의학과, 방사선종양학과, 병리과, 진단검사의학과, 재활의학과, 가정의학과, 응급의학과, 구강악안면외과, 치과보철과, 치과교정과, 치과보존과"
서울특별시,서울특별시 성동구 왕십리로 222-1 (사근동),종합병원,1406,252,794,"내과, 신경과, 정신건강의학과, 외과, 정형외과, 신경외과, 심장혈관흉부외과, 성형외과, 마취통증의학과, 산부인과, 소아청소년과, 안과, 이비인후과, 피부과, 비뇨의학과, 영상의학과, 방사선종양학과, 병리과, 진단검사의학과, 재활의학과, 결핵과, 가정의학과, 핵의학과, 직업환경의학과, 응급의학과, 구강악안면외과, 치과보철과, 치과교정과, 치주과, 치과보존과"
전북특별자치도,전북특별자치도 부안군 부안읍 오정2길 24,종합병원,78,57,249,"내과, 신경과, 외과, 정형외과, 신경외과, 마취통증의학과, 산부인과, 영상의학과, 진단검사의학과, 응급의학과"
대구광역시,"대구광역시 중구 달성로 56, 계명대학교대구동산병원 (동산동)",종합병원,239,116,306,"내과, 신경과, 정신건강의학과, 외과, 정형외과, 심장혈관흉부외과, 마취통증의학과, 산부인과, 소아청소년과, 안과, 이비인후과, 비뇨의학과, 영상의학과, 진단검사의학과, 가정의학과, 응급의학과, 통합치의학과"
광주광역시,광주광역시 북구 설죽로 291 (용봉동),종합병원,120,76,236,"내과, 신경과, 외과, 정형외과, 신경외과, 마취통증의학과, 산부인과, 소아청소년과, 영상의학과, 진단검사의학과, 응급의학과"
광주광역시,광주광역시 북구 면앙로139번길 51 (두암동),종합병원,190,81,304,"내과, 신경과, 정신건강의학과, 외과, 정형외과, 심장혈관흉부외과, 산부인과, 소아청소년과, 영상의학과, 진단검사의학과, 응급의학과"
광주광역시,광주광역시 북구 경열로 216 (유동),종합병원,99,69,234,"내과, 신경과, 정신건강의학과, 외과, 정형외과, 신경외과, 마취통증의학과, 산부인과, 비뇨의학과, 영상의학과, 진단검사의학과, 가정의학과"
광주광역시,광주광역시 북구 양일로 309 (일곡동),종합병원,98,38,144,"내과, 신경과, 외과, 정형외과, 신경외과, 마취통증의학과, 소아청소년과, 비뇨의학과, 영상의학과, 진단검사의학과, 응급의학과"
광주광역시,광주광역시 북구 하서로 429 (용두동),종합병원,79,55,182,"내과, 신경과, 외과, 정형외과, 신경외과, 마취통증의학과, 소아청소년과, 비뇨의학과, 영상의학과, 진단검사의학과, 재활의학과, 가정의학과, 응급의학과"
광주광역시,광주광역시 북구 북문대로 191 (운암동),종합병원,78,60,209,"내과, 외과, 정형외과, 신경외과, 마취통증의학과, 소아청소년과, 비뇨의학과, 영상의학과, 진단검사의학과, 응급의학과"
대구광역시,대구광역시 달서구 감삼북길 141 (감삼동),종합병원,121,48,184,"내과, 외과, 정형외과, 신경외과, 마취통증의학과, 산부인과, 영상의학과, 진단검사의학과"
대구광역시,"대구광역시 달서구 월배로 436, 지하1,지상1~11층 (송현동)",종합병원,137,85,244,"내과, 신경과, 외과, 정형외과, 신경외과, 성형외과, 마취통증의학과, 산부인과, 소아청소년과, 영상의학과, 진단검사의학과, 재활의학과, 가정의학과, 응급의학과"
대구광역시,"대구광역시 달서구 달구벌대로 1632, 1634(2~7층) 더블유병원 (감삼동)",종합병원,164,81,299,"내과, 신경과, 외과, 정형외과, 신경외과, 성형외과, 마취통증의학과, 소아청소년과, 영상의학과, 진단검사의학과, 재활의학과, 응급의학과"
대구광역시,"대구광역시 중구 동덕로 130 (삼덕동2가, 경북대학교병원)",종합병원,1533,210,866,"내과, 신경과, 정신건강의학과, 외과, 정형외과, 신경외과, 심장혈관흉부외과, 성형외과, 마취통증의학과, 산부인과, 소아청소년과, 안과, 이비인후과, 피부과, 비뇨의학과, 영상의학과, 방사선종양학과, 병리과, 진단검사의학과, 재활의학과, 가정의학과, 핵의학과, 응급의학과, 구강악안면외과, 치과보철과, 치과교정과, 소아치과, 치주과, 치과보존과, 구강내과, 영상치의학과"
대구광역시,대구광역시 중구 국채보상로 531 (수동),종합병원,147,53,221,"내과, 신경과, 정신건강의학과, 외과, 정형외과, 신경외과, 마취통증의학과, 산부인과, 소아청소년과, 비뇨의학과, 영상의학과, 병리과, 진단검사의학과, 가정의학과, 응급의학과, 치과"
대구광역시,대구광역시 달서구 월곡로 60 (도원동),종합병원,412,113,456,"내과, 신경과, 정신건강의학과, 외과, 정형외과, 신경외과, 심장혈관흉부외과, 마취통증의학과, 산부인과, 소아청소년과, 안과, 이비인후과, 피부과, 비뇨의학과, 영상의학과, 진단검사의학과, 재활의학과, 가정의학과, 핵의학과, 응급의학과, 치과보철과, 치주과, 치과보존과, 구강내과, 영상치의학과, 통합치의학과"
대구광역시,대구광역시 북구 칠곡중앙대로 440 (읍내동),종합병원,90,35,161,"내과, 신경과, 외과, 정형외과, 신경외과, 마취통증의학과, 산부인과, 이비인후과, 영상의학과, 진단검사의학과, 가정의학과, 응급의학과, 치과"
대구광역시,"대구광역시 북구 호국로 807, 칠곡경북대학교병원(임상실습동 1~11층 포함) (학정동)",종합병원,1407,257,907,"내과, 신경과, 정신건강의학과, 외과, 정형외과, 신경외과, 심장혈관흉부외과, 성형외과, 마취통증의학과, 산부인과, 소아청소년과, 안과, 이비인후과, 피부과, 비뇨의학과, 영상의학과, 방사선종양학과, 병리과, 진단검사의학과, 재활의학과, 가정의학과, 핵의학과, 응급의학과, 구강악안면외과, 치과보철과, 치과교정과, 소아치과, 치주과, 치과보존과, 구강내과, 영상치의학과"
경상북도,경상북도 김천시 모암길 24 (모암동),종합병원,90,76,284,"내과, 신경과, 정신건강의학과, 외과, 정형외과, 신경외과, 심장혈관흉부외과, 성형외과, 마취통증의학과, 산부인과, 소아청소년과, 안과, 이비인후과, 비뇨의학과, 영상의학과, 진단검사의학과, 재활의학과, 가정의학과, 직업환경의학과, 응급의학과, 치과보철과"
경상북도,경상북도 김천시 신음1길 12 (신음동),종합병원,146,86,297,"내과, 신경과, 외과, 정형외과, 신경외과, 심장혈관흉부외과, 성형외과, 마취통증의학과, 산부인과, 소아청소년과, 안과, 이비인후과, 비뇨의학과, 영상의학과, 진단검사의학과, 재활의학과, 응급의학과"
충청남도,충청남도 서산시 중앙로 149 (석림동),종합병원,120,79,278,"내과, 신경과, 정신건강의학과, 외과, 정형외과, 신경외과, 성형외과, 마취통증의학과, 산부인과, 소아청소년과, 안과, 이비인후과, 비뇨의학과, 영상의학과, 진단검사의학과, 가정의학과, 응급의학과, 구강악안면외과, 치과보철과, 치과교정과, 소아치과, 치주과, 치과보존과, 구강내과, 영상치의학과, 구강병리과, 예방치과, 통합치의학과"
충청남도,충청남도 서산시 수석산업로 5 (수석동),종합병원,114,79,299,"내과, 신경과, 외과, 정형외과, 신경외과, 마취통증의학과, 산부인과, 소아청소년과, 비뇨의학과, 영상의학과, 진단검사의학과, 재활의학과, 가정의학과, 직업환경의학과, 응급의학과, 치과"
충청남도,충청남도 천안시 서북구 다가말3길 8 (쌍용동),종합병원,52,75,364,"내과, 신경과, 정신건강의학과, 외과, 정형외과, 신경외과, 심장혈관흉부외과, 성형외과, 마취통증의학과, 산부인과, 소아청소년과, 안과, 이비인후과, 비뇨의학과, 영상의학과, 병리과, 진단검사의학과, 재활의학과, 가정의학과, 직업환경의학과, 응급의학과, 예방의학과, 구강악안면외과, 치과보철과, 치과교정과, 소아치과, 치주과, 치과보존과, 구강병리과, 예방치과"
충청남도,충청남도 예산군 예산읍 금오대로 94,종합병원,32,41,176,"내과, 외과, 정형외과, 신경외과, 성형외과, 마취통증의학과, 산부인과, 영상의학과, 진단검사의학과"
충청남도,충청남도 아산시 문화로 381 (모종동),종합병원,40,144,493,"내과, 신경과, 외과, 정형외과, 신경외과, 심장혈관흉부외과, 성형외과, 마취통증의학과, 산부인과, 소아청소년과, 피부과, 비뇨의학과, 영상의학과, 병리과, 진단검사의학과, 재활의학과, 가정의학과, 직업환경의학과, 응급의학과, 구강악안면외과, 치과보철과, 치과교정과, 소아치과, 치주과, 치과보존과, 구강내과, 영상치의학과, 구강병리과, 예방치과"
충청남도,충청남도 공주시 무령로 77 (웅진동),종합병원,190,78,275,"내과, 신경과, 외과, 정형외과, 심장혈관흉부외과, 마취통증의학과, 산부인과, 소아청소년과, 안과, 비뇨의학과, 영상의학과, 진단검사의학과, 재활의학과, 응급의학과, 침구과, 구강악안면외과, 치과보철과, 소아치과, 치주과, 치과보존과, 구강내과, 영상치의학과, 예방치과"
충청남도,충청남도 천안시 동남구 충절로 537 (삼룡동),종합병원,71,83,293,"내과, 신경과, 외과, 정형외과, 신경외과, 마취통증의학과, 산부인과, 소아청소년과, 안과, 비뇨의학과, 영상의학과, 병리과, 진단검사의학과, 재활의학과, 가정의학과, 응급의학과, 치과보철과, 소아치과, 치주과, 치과보존과, 구강내과, 영상치의학과, 구강병리과, 예방치과"
충청남도,충청남도 홍성군 홍성읍 조양로 224,종합병원,31,95,364,"내과, 신경과, 정신건강의학과, 외과, 정형외과, 신경외과, 성형외과, 마취통증의학과, 산부인과, 소아청소년과, 안과, 이비인후과, 피부과, 비뇨의학과, 영상의학과, 진단검사의학과, 재활의학과, 가정의학과, 직업환경의학과, 응급의학과, 치주과"
충청남도,충청남도 논산시 시민로294번길 14 (취암동),종합병원,204,110,490,"내과, 신경과, 정신건강의학과, 정형외과, 신경외과, 심장혈관흉부외과, 마취통증의학과, 산부인과, 소아청소년과, 안과, 이비인후과, 병리과, 직업환경의학과, 응급의학과"
경기도,경기도 용인시 기흥구 동백죽전대로 363 (중동),종합병원,1239,222,656,"내과, 신경과, 정신건강의학과, 외과, 정형외과, 신경외과, 심장혈관흉부외과, 성형외과, 마취통증의학과, 산부인과, 소아청소년과, 안과, 이비인후과, 피부과, 비뇨의학과, 영상의학과, 방사선종양학과, 병리과, 진단검사의학과, 재활의학과, 가정의학과, 핵의학과, 응급의학과, 구강악안면외과, 치과보철과, 치과보존과, 통합치의학과"
경기도,"경기도 용인시 기흥구 중부대로 411, 강남병원 (신갈동)",종합병원,291,82,299,"내과, 신경과, 정신건강의학과, 외과, 정형외과, 신경외과, 마취통증의학과, 산부인과, 소아청소년과, 이비인후과, 비뇨의학과, 영상의학과, 진단검사의학과, 가정의학과, 응급의학과, 예방치과"
경기도,경기도 이천시 경충대로 2742 (관고동),종합병원,184,70,206,"내과, 신경과, 외과, 정형외과, 마취통증의학과, 소아청소년과, 비뇨의학과, 영상의학과, 진단검사의학과, 재활의학과, 응급의학과, 통합치의학과"
경기도,"경기도 용인시 처인구 백옥대로1082번길 18, 다보스종합병원 (김량장동)",종합병원,252,61,250,"내과, 신경과, 외과, 정형외과, 신경외과, 마취통증의학과, 산부인과, 소아청소년과, 안과, 이비인후과, 피부과, 비뇨의학과, 영상의학과, 병리과, 진단검사의학과, 가정의학과, 응급의학과, 소아치과, 치주과, 구강내과, 예방치과"
대구광역시,대구광역시 달서구 달구벌대로 1035 (신당동),종합병원,1899,271,972,"내과, 신경과, 정신건강의학과, 외과, 정형외과, 신경외과, 심장혈관흉부외과, 성형외과, 마취통증의학과, 산부인과, 소아청소년과, 안과, 이비인후과, 피부과, 비뇨의학과, 영상의학과, 방사선종양학과, 병리과, 진단검사의학과, 재활의학과, 가정의학과, 핵의학과, 직업환경의학과, 응급의학과, 구강악안면외과, 치과보철과, 치과교정과, 소아치과, 치주과, 치과보존과, 구강내과, 예방치과"
세종특별자치시,"세종특별자치시 한누리대로 161, 세종시 NK리움힐 상가 1~8층 (나성동)",종합병원,92,65,200,"내과, 외과, 정형외과, 신경외과, 마취통증의학과, 소아청소년과, 영상의학과, 병리과, 가정의학과, 직업환경의학과, 응급의학과, 통합치의학과"
대구광역시,대구광역시 서구 평리로 157 (중리동),종합병원,293,127,447,"내과, 신경과, 정신건강의학과, 외과, 정형외과, 신경외과, 심장혈관흉부외과, 마취통증의학과, 산부인과, 소아청소년과, 안과, 이비인후과, 피부과, 비뇨의학과, 영상의학과, 진단검사의학과, 재활의학과, 가정의학과, 직업환경의학과, 응급의학과, 통합치의학과"
대구광역시,대구광역시 남구 성당로 224 (대명동),종합병원,182,33,202,"내과, 신경과, 신경외과, 마취통증의학과, 산부인과, 소아청소년과, 영상의학과, 진단검사의학과, 재활의학과"
대구광역시,"대구광역시 수성구 달구벌대로 3190 (신매동, 천주성삼병원)",종합병원,152,64,288,"내과, 신경과, 외과, 정형외과, 신경외과, 마취통증의학과, 산부인과, 이비인후과, 피부과, 비뇨의학과, 영상의학과, 진단검사의학과, 재활의학과, 가정의학과, 응급의학과"
대구광역시,대구광역시 남구 두류공원로17길 33 (대명동),종합병원,1403,228,874,"내과, 신경과, 정신건강의학과, 외과, 정형외과, 신경외과, 심장혈관흉부외과, 성형외과, 마취통증의학과, 산부인과, 소아청소년과, 안과, 이비인후과, 피부과, 비뇨의학과, 영상의학과, 방사선종양학과, 병리과, 진단검사의학과, 재활의학과, 가정의학과, 핵의학과, 응급의학과, 구강악안면외과, 치과보철과, 치과교정과, 소아치과, 치주과, 치과보존과, 구강내과, 영상치의학과, 구강병리과"
대구광역시,대구광역시 남구 현충로 170 (대명동),종합병원,1586,299,953,"내과, 신경과, 정신건강의학과, 외과, 정형외과, 신경외과, 심장혈관흉부외과, 성형외과, 마취통증의학과, 산부인과, 소아청소년과, 안과, 이비인후과, 피부과, 비뇨의학과, 영상의학과, 방사선종양학과, 병리과, 진단검사의학과, 재활의학과, 가정의학과, 핵의학과, 직업환경의학과, 응급의학과, 구강악안면외과, 치과보철과, 치과보존과"
대구광역시,대구광역시 동구 아양로 99 (신암동),종합병원,802,209,662,"내과, 신경과, 정신건강의학과, 외과, 정형외과, 신경외과, 심장혈관흉부외과, 성형외과, 마취통증의학과, 산부인과, 소아청소년과, 안과, 이비인후과, 피부과, 비뇨의학과, 영상의학과, 방사선종양학과, 병리과, 진단검사의학과, 재활의학과, 핵의학과, 응급의학과, 구강악안면외과, 치과보철과, 치과교정과, 소아치과, 치주과, 치과보존과, 구강내과, 영상치의학과, 구강병리과, 예방치과"
대구광역시,"대구광역시 동구 동촌로 207, 강남병원 (방촌동)",종합병원,27,63,209,"내과, 신경과, 외과, 정형외과, 마취통증의학과, 산부인과, 영상의학과, 진단검사의학과, 응급의학과"
인천광역시,"인천광역시 동구 방축로 217 (송림동, 인천광역시 의료원)",종합병원,211,81,306,"내과, 신경과, 정신건강의학과, 외과, 정형외과, 신경외과, 심장혈관흉부외과, 마취통증의학과, 산부인과, 소아청소년과, 안과, 이비인후과, 비뇨의학과, 영상의학과, 진단검사의학과, 재활의학과, 가정의학과, 직업환경의학과, 응급의학과, 치과보철과, 치과보존과"
경기도,"경기도 파주시 중앙로 207, 경기도립의료원파주병원 (금촌동)",종합병원,180,50,200,"내과, 신경과, 외과, 정형외과, 마취통증의학과, 산부인과, 소아청소년과, 이비인후과, 영상의학과, 진단검사의학과, 재활의학과, 가정의학과, 직업환경의학과, 응급의학과, 치과보존과"
경기도,경기도 평택시 평택2로20번길 3 (평택동),종합병원,92,51,203,"내과, 신경과, 외과, 정형외과, 신경외과, 마취통증의학과, 산부인과, 소아청소년과, 비뇨의학과, 영상의학과, 진단검사의학과, 가정의학과, 직업환경의학과, 응급의학과, 구강악안면외과"
경기도,경기도 평택시 평택로 284 (세교동),종합병원,381,108,368,"내과, 신경과, 정신건강의학과, 외과, 정형외과, 신경외과, 마취통증의학과, 산부인과, 소아청소년과, 이비인후과, 비뇨의학과, 영상의학과, 진단검사의학과, 가정의학과, 직업환경의학과, 응급의학과, 치과"
경기도,경기도 평택시 송탄로 33 (장당동),종합병원,155,32,153,"내과, 신경과, 외과, 정형외과, 신경외과, 마취통증의학과, 산부인과, 영상의학과, 진단검사의학과, 재활의학과, 가정의학과, 직업환경의학과, 응급의학과"
경기도,경기도 포천시 포천로 1648 (신읍동),종합병원,161,38,150,"내과, 신경과, 외과, 정형외과, 마취통증의학과, 산부인과, 소아청소년과, 이비인후과, 비뇨의학과, 영상의학과, 진단검사의학과, 재활의학과, 가정의학과, 응급의학과, 통합치의학과"
경기도,경기도 포천시 소흘읍 호국로 661,종합병원,152,48,214,"내과, 신경과, 정신건강의학과, 외과, 정형외과, 신경외과, 마취통증의학과, 산부인과, 소아청소년과, 이비인후과, 피부과, 비뇨의학과, 영상의학과, 진단검사의학과, 가정의학과, 응급의학과, 구강악안면외과, 치과보철과, 소아치과, 치과보존과, 통합치의학과"
경기도,경기도 의정부시 흥선로 142 (의정부동),종합병원,167,44,203,"내과, 신경과, 정신건강의학과, 외과, 정형외과, 마취통증의학과, 산부인과, 소아청소년과, 피부과, 비뇨의학과, 영상의학과, 진단검사의학과, 가정의학과, 응급의학과, 한방내과, 치과보철과, 소아치과, 치주과, 치과보존과, 구강내과, 예방치과, 통합치의학과"
경기도,"경기도 의정부시 천보로 271, 의정부성모병원 (금오동)",종합병원,1251,160,700,"내과, 신경과, 정신건강의학과, 외과, 정형외과, 신경외과, 심장혈관흉부외과, 성형외과, 마취통증의학과, 산부인과, 소아청소년과, 안과, 이비인후과, 피부과, 비뇨의학과, 영상의학과, 방사선종양학과, 병리과, 진단검사의학과, 재활의학과, 가정의학과, 핵의학과, 응급의학과, 구강악안면외과, 치과보철과"
경기도,경기도 의정부시 금신로 322 (신곡동),종합병원,91,52,201,"내과, 신경과, 외과, 정형외과, 신경외과, 마취통증의학과, 산부인과, 이비인후과, 피부과, 비뇨의학과, 영상의학과, 진단검사의학과, 가정의학과, 응급의학과, 구강악안면외과, 치과보철과, 치주과, 치과보존과, 영상치의학과, 구강병리과, 예방치과"
경기도,경기도 평택시 중앙로 338 (합정동),종합병원,586,154,422,"내과, 신경과, 정신건강의학과, 외과, 정형외과, 신경외과, 심장혈관흉부외과, 성형외과, 마취통증의학과, 산부인과, 소아청소년과, 이비인후과, 비뇨의학과, 영상의학과, 방사선종양학과, 병리과, 진단검사의학과, 재활의학과, 가정의학과, 핵의학과, 직업환경의학과, 응급의학과, 예방치과"
경기도,경기도 안양시 동안구 관평로170번길 22 (평촌동),종합병원,1361,161,780,"내과, 신경과, 정신건강의학과, 외과, 정형외과, 신경외과, 심장혈관흉부외과, 성형외과, 마취통증의학과, 산부인과, 소아청소년과, 안과, 이비인후과, 피부과, 비뇨의학과, 영상의학과, 방사선종양학과, 병리과, 진단검사의학과, 재활의학과, 가정의학과, 핵의학과, 응급의학과, 치과, 구강악안면외과, 치과보철과, 치과교정과, 소아치과, 치과보존과"
경기도,경기도 오산시 오산로 307 (오산동),종합병원,86,57,206,"내과, 신경과, 외과, 정형외과, 신경외과, 성형외과, 마취통증의학과, 산부인과, 소아청소년과, 비뇨의학과, 영상의학과, 진단검사의학과, 가정의학과, 직업환경의학과"
경기도,경기도 오산시 밀머리로1번길 16 (원동),종합병원,256,93,299,"내과, 신경과, 정신건강의학과, 외과, 정형외과, 신경외과, 심장혈관흉부외과, 마취통증의학과, 산부인과, 소아청소년과, 이비인후과, 비뇨의학과, 영상의학과, 진단검사의학과, 재활의학과, 가정의학과, 직업환경의학과, 응급의학과, 구강악안면외과, 치과보철과, 치과교정과, 소아치과, 치과보존과"
광주광역시,광주광역시 동구 필문대로 365 (서석동),종합병원,748,233,849,"내과, 신경과, 정신건강의학과, 외과, 정형외과, 신경외과, 심장혈관흉부외과, 성형외과, 마취통증의학과, 산부인과, 소아청소년과, 안과, 이비인후과, 피부과, 비뇨의학과, 영상의학과, 방사선종양학과, 병리과, 진단검사의학과, 재활의학과, 결핵과, 가정의학과, 핵의학과, 직업환경의학과, 응급의학과"
광주광역시,광주광역시 동구 제봉로 42 (학동),종합병원,1183,275,1077,"내과, 신경과, 정신건강의학과, 외과, 정형외과, 신경외과, 심장혈관흉부외과, 성형외과, 마취통증의학과, 산부인과, 소아청소년과, 안과, 이비인후과, 피부과, 비뇨의학과, 영상의학과, 방사선종양학과, 병리과, 진단검사의학과, 재활의학과, 가정의학과, 핵의학과, 직업환경의학과, 응급의학과"
경상북도,경상북도 경산시 경안로 208 (중방동),종합병원,196,75,299,
경상북도,경상북도 경산시 경안로 11 (백천동),종합병원,160,87,387,"내과, 신경과, 정신건강의학과, 외과, 정형외과, 신경외과, 마취통증의학과, 산부인과, 소아청소년과, 안과, 비뇨의학과, 영상의학과, 진단검사의학과, 가정의학과, 응급의학과, 치주과, 통합치의학과"
경상북도,경상북도 상주시 냉림서성길 7 (냉림동),종합병원,78,46,204,"내과, 신경과, 외과, 정형외과, 신경외과, 심장혈관흉부외과, 성형외과, 마취통증의학과, 산부인과, 소아청소년과, 이비인후과, 비뇨의학과, 영상의학과, 진단검사의학과, 재활의학과, 가정의학과"
경상북도,"경상북도 구미시 1공단로 179 (공단동, (공단동))",종합병원,96,74,285,"내과, 신경과, 정신건강의학과, 외과, 정형외과, 신경외과, 심장혈관흉부외과, 성형외과, 마취통증의학과, 산부인과, 소아청소년과, 안과, 이비인후과, 피부과, 비뇨의학과, 영상의학과, 병리과, 진단검사의학과, 재활의학과, 가정의학과, 응급의학과, 치과보존과, 통합치의학과"
경상북도,경상북도 구미시 신시로10길 12 (형곡동),종합병원,68,99,376,"내과, 신경과, 정신건강의학과, 외과, 정형외과, 신경외과, 심장혈관흉부외과, 성형외과, 마취통증의학과, 산부인과, 소아청소년과, 안과, 이비인후과, 피부과, 비뇨의학과, 영상의학과, 병리과, 진단검사의학과, 재활의학과, 가정의학과, 직업환경의학과, 응급의학과"
인천광역시,인천광역시 부평구 무네미로 446 (구산동),종합병원,221,80,285,"내과, 신경과, 외과, 정형외과, 신경외과, 마취통증의학과, 산부인과, 소아청소년과, 이비인후과, 비뇨의학과, 영상의학과, 진단검사의학과, 재활의학과, 가정의학과, 직업환경의학과, 응급의학과, 치과보철과"
인천광역시,인천광역시 중구 답동로30번길 10 (율목동),종합병원,149,49,191,"내과, 정신건강의학과, 외과, 정형외과, 신경외과, 심장혈관흉부외과, 마취통증의학과, 산부인과, 소아청소년과, 이비인후과, 비뇨의학과, 영상의학과, 진단검사의학과, 가정의학과, 응급의학과, 치과보철과"
인천광역시,인천광역시 중구 인항로 27 (신흥동3가),종합병원,1298,228,908,"내과, 신경과, 정신건강의학과, 외과, 정형외과, 신경외과, 심장혈관흉부외과, 성형외과, 마취통증의학과, 산부인과, 소아청소년과, 안과, 이비인후과, 피부과, 비뇨의학과, 영상의학과, 방사선종양학과, 병리과, 진단검사의학과, 재활의학과, 가정의학과, 핵의학과, 직업환경의학과, 응급의학과, 구강악안면외과, 치과보철과, 치과교정과, 치과보존과"
제주특별자치도,"제주특별자치도 제주시 월랑로 91-0 (이호이동,중앙병원)",종합병원,154,110,298,
전북특별자치도,전북특별자치도 정읍시 충정로 606-22 (용계동),종합병원,146,92,267,"내과, 정신건강의학과, 외과, 정형외과, 신경외과, 마취통증의학과, 산부인과, 소아청소년과, 이비인후과, 비뇨의학과, 영상의학과, 병리과, 가정의학과, 직업환경의학과, 응급의학과"
경기도,"경기도 고양시 일산동구 중앙로 1205, 지하1층(일부),지하2층,지하4층(일부),1층(일부),2층(일부),3층(일부),4~5층,6층(일부), 7~10층 (장항동)",종합병원,598,114,267,"내과, 신경과, 정신건강의학과, 외과, 성형외과, 마취통증의학과, 산부인과, 소아청소년과, 피부과, 비뇨의학과, 영상의학과, 방사선종양학과, 병리과, 진단검사의학과, 재활의학과, 가정의학과, 핵의학과, 한방내과"
경기도,"경기도 성남시 수정구 수정로171번길 10, 성남시의료원 (태평동)",종합병원,410,84,299,"내과, 신경과, 정신건강의학과, 외과, 정형외과, 신경외과, 심장혈관흉부외과, 마취통증의학과, 산부인과, 소아청소년과, 안과, 이비인후과, 피부과, 비뇨의학과, 영상의학과, 병리과, 진단검사의학과, 재활의학과, 가정의학과, 응급의학과, 침구과, 소아치과, 치주과, 통합치의학과"
전북특별자치도,전북특별자치도 익산시 무왕로 895 (신동),종합병원,805,205,808,"내과, 신경과, 정신건강의학과, 외과, 정형외과, 신경외과, 심장혈관흉부외과, 성형외과, 마취통증의학과, 산부인과, 소아청소년과, 안과, 이비인후과, 피부과, 비뇨의학과, 영상의학과, 방사선종양학과, 병리과, 진단검사의학과, 재활의학과, 가정의학과, 핵의학과, 직업환경의학과, 응급의학과, 치과"
경기도,경기도 광명시 덕안로 110(일직동),종합병원,1175,212,649,"내과, 신경과, 정신건강의학과, 외과, 정형외과, 신경외과, 심장혈관흉부외과, 성형외과, 마취통증의학과, 산부인과, 소아청소년과, 안과, 이비인후과, 피부과, 비뇨의학과, 영상의학과, 방사선종양학과, 병리과, 진단검사의학과, 재활의학과, 가정의학과, 핵의학과, 응급의학과, 구강악안면외과, 치과보철과, 치과교정과, 치과보존과, 통합치의학과"
경기도,경기도 파주시 금릉역로 190(금촌동),종합병원,162,73,219,"내과, 신경과, 외과, 정형외과, 신경외과, 마취통증의학과, 산부인과, 비뇨의학과, 영상의학과, 병리과, 진단검사의학과, 응급의학과"
강원특별자치도,강원특별자치도 삼척시 오십천로 418 (남양동),종합병원,81,40,148,"내과, 신경과, 외과, 정형외과, 마취통증의학과, 산부인과, 소아청소년과, 영상의학과, 진단검사의학과, 재활의학과, 응급의학과, 치과"
강원특별자치도,강원특별자치도 홍천군 홍천읍 산림공원1길 17,종합병원,78,37,135,"내과, 외과, 정형외과, 신경외과, 마취통증의학과, 소아청소년과, 영상의학과, 진단검사의학과"
강원특별자치도,강원특별자치도 강릉시 강릉대로419번길 42 (포남동),종합병원,206,121,444,"내과, 신경과, 정신건강의학과, 외과, 정형외과, 신경외과, 심장혈관흉부외과, 성형외과, 마취통증의학과, 산부인과, 소아청소년과, 안과, 이비인후과, 피부과, 비뇨의학과, 영상의학과, 병리과, 진단검사의학과, 재활의학과, 가정의학과, 응급의학과, 구강악안면외과, 치과보철과"
강원특별자치도,강원특별자치도 강릉시 옥가로 30 (옥천동),종합병원,57,45,134,"내과, 외과, 정형외과, 신경외과, 마취통증의학과, 산부인과, 영상의학과, 병리과"
강원특별자치도,강원특별자치도 강릉시 사천면 방동길 38,종합병원,959,227,696,"내과, 신경과, 정신건강의학과, 외과, 정형외과, 신경외과, 심장혈관흉부외과, 성형외과, 마취통증의학과, 산부인과, 소아청소년과, 안과, 이비인후과, 피부과, 비뇨의학과, 영상의학과, 방사선종양학과, 병리과, 진단검사의학과, 재활의학과, 가정의학과, 핵의학과, 응급의학과, 구강악안면외과, 치과보철과"
강원특별자치도,강원특별자치도 태백시 보드미길 8 (장성동),종합병원,182,76,247,"내과, 정신건강의학과, 외과, 정형외과, 신경외과, 마취통증의학과, 산부인과, 소아청소년과, 이비인후과, 영상의학과, 진단검사의학과, 재활의학과, 직업환경의학과, 응급의학과, 치과보철과"
강원특별자치도,강원특별자치도 춘천시 백령로 156 (효자동),종합병원,802,175,637,"내과, 신경과, 정신건강의학과, 외과, 정형외과, 신경외과, 성형외과, 마취통증의학과, 산부인과, 소아청소년과, 안과, 이비인후과, 피부과, 비뇨의학과, 영상의학과, 병리과, 진단검사의학과, 재활의학과, 가정의학과, 핵의학과, 응급의학과, 소아치과, 치과"
강원특별자치도,강원특별자치도 원주시 일산로 20 (일산동),종합병원,1062,198,853,"내과, 신경과, 정신건강의학과, 외과, 정형외과, 신경외과, 심장혈관흉부외과, 성형외과, 마취통증의학과, 산부인과, 소아청소년과, 안과, 이비인후과, 피부과, 비뇨의학과, 영상의학과, 방사선종양학과, 병리과, 진단검사의학과, 재활의학과, 가정의학과, 핵의학과, 직업환경의학과, 응급의학과, 구강악안면외과, 치과보철과, 치과교정과, 소아치과, 치과보존과"
강원특별자치도,강원특별자치도 춘천시 삭주로 77 (교동),종합병원,513,88,386,"내과, 신경과, 정신건강의학과, 외과, 정형외과, 신경외과, 심장혈관흉부외과, 성형외과, 마취통증의학과, 산부인과, 소아청소년과, 안과, 이비인후과, 피부과, 비뇨의학과, 영상의학과, 방사선종양학과, 병리과, 진단검사의학과, 재활의학과, 가정의학과, 핵의학과, 응급의학과, 구강악안면외과"
강원특별자치도,"강원특별자치도 원주시 서원대로 387 (개운동, 지방공사강원도원주의료원)",종합병원,175,84,268,"내과, 신경과, 정신건강의학과, 외과, 정형외과, 신경외과, 마취통증의학과, 산부인과, 소아청소년과, 이비인후과, 피부과, 영상의학과, 진단검사의학과, 재활의학과, 응급의학과, 구강악안면외과"
강원특별자치도,강원특별자치도 속초시 중앙로 11 (교동),종합병원,67,90,299,"내과, 신경과, 정신건강의학과, 외과, 정형외과, 마취통증의학과, 산부인과, 소아청소년과, 이비인후과, 영상의학과, 병리과, 진단검사의학과, 응급의학과"
강원특별자치도,강원특별자치도 속초시 영랑호반길 3 (영랑동),종합병원,85,48,154,"내과, 신경과, 정신건강의학과, 외과, 정형외과, 신경외과, 성형외과, 마취통증의학과, 산부인과, 소아청소년과, 이비인후과, 비뇨의학과, 영상의학과, 진단검사의학과, 재활의학과, 가정의학과, 응급의학과, 구강악안면외과, 치주과, 치과보존과"
경상북도,경상북도 안동시 서동문로 99 (금곡동),종합병원,257,160,618,"내과, 신경과, 정신건강의학과, 외과, 정형외과, 신경외과, 심장혈관흉부외과, 성형외과, 마취통증의학과, 산부인과, 소아청소년과, 안과, 이비인후과, 비뇨의학과, 영상의학과, 병리과, 진단검사의학과, 재활의학과, 가정의학과, 직업환경의학과, 응급의학과, 예방의학과, 치과"
경상북도,"경상북도 안동시 태사2길 55 (북문동, 470)",종합병원,127,77,247,"내과, 신경과, 정신건강의학과, 외과, 정형외과, 신경외과, 성형외과, 마취통증의학과, 산부인과, 소아청소년과, 안과, 이비인후과, 피부과, 비뇨의학과, 영상의학과, 진단검사의학과, 재활의학과, 가정의학과, 응급의학과, 통합치의학과"
경상북도,경상북도 안동시 앙실로 11 (수상동),종합병원,535,323,1046,"내과, 신경과, 정신건강의학과, 외과, 정형외과, 신경외과, 심장혈관흉부외과, 성형외과, 마취통증의학과, 산부인과, 소아청소년과, 안과, 이비인후과, 피부과, 비뇨의학과, 영상의학과, 방사선종양학과, 병리과, 진단검사의학과, 재활의학과, 가정의학과, 응급의학과, 예방의학과, 한방소아과, 구강내과"
울산광역시,울산광역시 북구 호계로 285 (호계동),종합병원,141,55,164,"내과, 신경과, 외과, 정형외과, 신경외과, 마취통증의학과, 소아청소년과, 이비인후과, 피부과, 비뇨의학과, 영상의학과, 진단검사의학과, 재활의학과"
울산광역시,울산광역시 북구 산업로 1007 (연암동),종합병원,371,114,369,"내과, 신경과, 정신건강의학과, 외과, 정형외과, 신경외과, 성형외과, 마취통증의학과, 산부인과, 소아청소년과, 이비인후과, 비뇨의학과, 영상의학과, 진단검사의학과, 재활의학과, 가정의학과, 응급의학과, 구강악안면외과, 치주과, 통합치의학과"
울산광역시,"울산광역시 동구 대학병원로 25, 울산대학교병원 (전하동)",종합병원,1931,292,979,"내과, 신경과, 정신건강의학과, 외과, 정형외과, 신경외과, 심장혈관흉부외과, 성형외과, 마취통증의학과, 산부인과, 소아청소년과, 안과, 이비인후과, 피부과, 비뇨의학과, 영상의학과, 방사선종양학과, 병리과, 진단검사의학과, 재활의학과, 가정의학과, 핵의학과, 직업환경의학과, 응급의학과, 예방의학과, 구강악안면외과, 치과보철과, 치주과, 치과보존과"
울산광역시,울산광역시 남구 월평로171번길 13 (신정동),종합병원,391,105,375,"내과, 신경과, 정신건강의학과, 외과, 정형외과, 신경외과, 심장혈관흉부외과, 마취통증의학과, 산부인과, 소아청소년과, 안과, 이비인후과, 비뇨의학과, 영상의학과, 진단검사의학과, 재활의학과, 가정의학과, 응급의학과, 치과"
울산광역시,울산광역시 남구 북부순환도로 51 (무거동),종합병원,297,83,300,"내과, 신경과, 외과, 정형외과, 신경외과, 마취통증의학과, 소아청소년과, 영상의학과, 진단검사의학과, 가정의학과, 예방치과"
울산광역시,"울산광역시 남구 문수로 472, 중앙병원 (신정동)",종합병원,359,104,357,"내과, 신경과, 정신건강의학과, 외과, 정형외과, 신경외과, 마취통증의학과, 산부인과, 소아청소년과, 비뇨의학과, 영상의학과, 병리과, 재활의학과, 가정의학과, 직업환경의학과, 응급의학과, 통합치의학과"
울산광역시,"울산광역시 울주군 삼남읍 중평로 53, 서울산보람병원",종합병원,121,80,213,"내과, 외과, 정형외과, 신경외과, 마취통증의학과, 산부인과, 소아청소년과, 영상의학과, 병리과, 가정의학과, 응급의학과, 치과보철과, 치주과"
인천광역시,"인천광역시 서구 칠천왕로33번길 17 (석남동, 신석로 70(석남1동, 성민병원))",종합병원,154,85,299,"내과, 신경과, 외과, 정형외과, 신경외과, 성형외과, 마취통증의학과, 산부인과, 소아청소년과, 비뇨의학과, 영상의학과, 진단검사의학과, 가정의학과, 응급의학과"
인천광역시,"인천광역시 서구 원적로 23 (가좌동, 원적로 27번길 11(가좌동))",종합병원,176,93,399,"내과, 신경과, 정신건강의학과, 외과, 정형외과, 신경외과, 심장혈관흉부외과, 성형외과, 마취통증의학과, 산부인과, 소아청소년과, 이비인후과, 비뇨의학과, 영상의학과, 진단검사의학과, 재활의학과, 가정의학과, 직업환경의학과, 응급의학과, 예방의학과, 구강악안면외과, 치과보철과, 치과교정과, 소아치과, 치주과, 치과보존과, 구강내과, 예방치과"
인천광역시,인천광역시 서구 청마로19번길 5 (당하동),종합병원,151,61,299,"내과, 신경과, 정신건강의학과, 외과, 정형외과, 신경외과, 심장혈관흉부외과, 마취통증의학과, 산부인과, 소아청소년과, 이비인후과, 비뇨의학과, 영상의학과, 진단검사의학과, 가정의학과, 직업환경의학과, 응급의학과, 구강악안면외과"
인천광역시,인천광역시 서구 완정로 199 (왕길동),종합병원,103,38,195,"내과, 신경과, 외과, 정형외과, 신경외과, 성형외과, 마취통증의학과, 산부인과, 소아청소년과, 영상의학과, 진단검사의학과, 가정의학과, 직업환경의학과, 응급의학과, 예방의학과"
인천광역시,"인천광역시 서구 심곡로100번길 25 (심곡동, 인천국제성모병원)",종합병원,445,160,632,"내과, 신경과, 정신건강의학과, 외과, 신경외과, 심장혈관흉부외과, 성형외과, 마취통증의학과, 산부인과, 소아청소년과, 안과, 이비인후과, 피부과, 비뇨의학과, 영상의학과, 방사선종양학과, 병리과, 진단검사의학과, 재활의학과, 가정의학과, 핵의학과, 직업환경의학과, 응급의학과, 한방재활의학과, 구강악안면외과, 치주과, 통합치의학과"
인천광역시,인천광역시 부평구 동수로 56 (부평동),종합병원,246,167,789,"내과, 신경과, 정신건강의학과, 외과, 정형외과, 신경외과, 심장혈관흉부외과, 성형외과, 마취통증의학과, 산부인과, 소아청소년과, 안과, 이비인후과, 피부과, 비뇨의학과, 영상의학과, 방사선종양학과, 병리과, 진단검사의학과, 재활의학과, 가정의학과, 핵의학과, 응급의학과, 구강악안면외과, 치주과, 통합치의학과"
인천광역시,"인천광역시 연수구 원인재로 263 (연수동, 인천적십자병원)",종합병원,84,42,122,"내과, 신경과, 외과, 정형외과, 신경외과, 마취통증의학과, 산부인과, 영상의학과, 진단검사의학과, 가정의학과, 응급의학과, 치주과"
인천광역시,"인천광역시 연수구 먼우금로 98 (동춘동, 나사렛국제병원)",종합병원,259,55,272,"내과, 신경과, 외과, 정형외과, 신경외과, 마취통증의학과, 산부인과, 소아청소년과, 이비인후과, 비뇨의학과, 영상의학과, 진단검사의학과, 재활의학과, 가정의학과, 직업환경의학과, 응급의학과, 예방의학과, 한방내과, 한방재활의학과, 구강악안면외과"
인천광역시,"인천광역시 남동구 남동대로774번길 21 (구월동, 가천대학교길병원)",종합병원,1771,347,1268,"내과, 신경과, 정신건강의학과, 외과, 정형외과, 신경외과, 심장혈관흉부외과, 성형외과, 마취통증의학과, 산부인과, 소아청소년과, 안과, 이비인후과, 피부과, 비뇨의학과, 영상의학과, 방사선종양학과, 병리과, 진단검사의학과, 재활의학과, 가정의학과, 핵의학과, 직업환경의학과, 응급의학과, 구강악안면외과, 치과보철과, 치과교정과, 치주과, 치과보존과"
인천광역시,인천광역시 미추홀구 미추홀대로 726 (주안동),종합병원,62,72,299,"내과, 정신건강의학과, 영상의학과, 직업환경의학과"
인천광역시,"인천광역시 부평구 부평대로 175 (청천동, 세림병원)",종합병원,41,58,254,"내과, 신경과, 정신건강의학과, 외과, 정형외과, 신경외과, 마취통증의학과, 산부인과, 소아청소년과, 비뇨의학과, 영상의학과, 병리과, 진단검사의학과, 가정의학과, 직업환경의학과, 응급의학과, 예방의학과, 예방치과"
전라남도,전라남도 순천시 장명로 5 (장천동),종합병원,71,62,200,"내과, 신경과, 외과, 정형외과, 마취통증의학과, 소아청소년과, 영상의학과, 진단검사의학과"
전라남도,전라남도 순천시 서문성터길 2 (매곡동),종합병원,18,76,278,"내과, 정신건강의학과, 외과, 정형외과, 신경외과, 심장혈관흉부외과, 마취통증의학과, 소아청소년과, 안과, 비뇨의학과, 영상의학과, 진단검사의학과, 재활의학과, 결핵과, 가정의학과, 응급의학과"
전라남도,전라남도 순천시 순광로 221 (조례동),종합병원,529,173,555,"내과, 신경과, 정신건강의학과, 외과, 정형외과, 신경외과, 심장혈관흉부외과, 성형외과, 마취통증의학과, 산부인과, 소아청소년과, 안과, 이비인후과, 피부과, 비뇨의학과, 영상의학과, 방사선종양학과, 병리과, 진단검사의학과, 재활의학과, 가정의학과, 핵의학과, 응급의학과, 구강악안면외과, 치과보철과, 치과교정과, 소아치과, 치주과, 치과보존과, 구강내과, 영상치의학과, 구강병리과, 예방치과, 통합치의학과"
전라남도,전라남도 순천시 우명길 42 (연향동),종합병원,148,61,242,"내과, 외과, 정형외과, 신경외과, 마취통증의학과, 소아청소년과, 비뇨의학과, 영상의학과, 진단검사의학과, 응급의학과"
전라남도,전라남도 순천시 기적의도서관1길 3 (조례동),종합병원,75,57,200,"내과, 외과, 정형외과, 마취통증의학과, 산부인과, 영상의학과, 진단검사의학과, 직업환경의학과, 응급의학과, 예방의학과"
전라남도,전라남도 순천시 조례1길 24 (조례동),종합병원,127,107,266,"내과, 정신건강의학과, 외과, 정형외과, 신경외과, 마취통증의학과, 산부인과, 영상의학과, 진단검사의학과, 재활의학과, 직업환경의학과, 응급의학과, 예방의학과, 치과보존과"
전라남도,전라남도 광양시 공영로 71 (중동),종합병원,109,45,159,"내과, 신경과, 외과, 정형외과, 신경외과, 마취통증의학과, 소아청소년과, 비뇨의학과, 영상의학과, 진단검사의학과, 직업환경의학과"
전라남도,전라남도 광양시 진등길 93 (마동),종합병원,75,64,210,"내과, 외과, 정형외과, 신경외과, 마취통증의학과, 소아청소년과, 영상의학과, 진단검사의학과, 가정의학과, 직업환경의학과, 치과"
전라남도,전라남도 고흥군 고흥읍 고흥로 1935,종합병원,51,79,260,"내과, 신경과, 정신건강의학과, 외과, 정형외과, 신경외과, 심장혈관흉부외과, 마취통증의학과, 산부인과, 소아청소년과, 안과, 비뇨의학과, 영상의학과, 진단검사의학과, 재활의학과, 한방내과"
전라남도,전라남도 목포시 고하대로 795-2 (연산동),종합병원,87,89,376,"내과, 신경과, 정신건강의학과, 외과, 정형외과, 마취통증의학과, 산부인과, 소아청소년과, 영상의학과, 병리과, 진단검사의학과, 구강악안면외과"
전라남도,"전라남도 목포시 이로로 18 (용해동, (용해동))",종합병원,138,83,299,"내과, 정신건강의학과, 외과, 정형외과, 심장혈관흉부외과, 마취통증의학과, 산부인과, 비뇨의학과, 영상의학과, 진단검사의학과, 재활의학과, 가정의학과, 응급의학과, 예방치과"
전라남도,전라남도 장흥군 장흥읍 흥성로 74,종합병원,45,50,182,"내과, 외과, 정형외과, 신경외과, 마취통증의학과, 소아청소년과, 이비인후과, 영상의학과, 진단검사의학과"
전라남도,전라남도 무안군 무안읍 몽탄로 65,종합병원,79,70,272,"내과, 신경과, 정신건강의학과, 외과, 정형외과, 신경외과, 마취통증의학과, 산부인과, 영상의학과, 진단검사의학과, 재활의학과, 가정의학과, 응급의학과"
전라남도,전라남도 목포시 영산로 483 (상동),종합병원,388,171,576,"내과, 신경과, 정신건강의학과, 외과, 정형외과, 신경외과, 심장혈관흉부외과, 마취통증의학과, 산부인과, 소아청소년과, 이비인후과, 비뇨의학과, 영상의학과, 병리과, 진단검사의학과, 재활의학과, 가정의학과, 직업환경의학과, 응급의학과, 구강악안면외과"
전라남도,전라남도 목포시 백년대로 303 (상동),종합병원,207,102,357,"내과, 신경과, 정신건강의학과, 외과, 정형외과, 신경외과, 심장혈관흉부외과, 마취통증의학과, 산부인과, 소아청소년과, 영상의학과, 진단검사의학과, 재활의학과, 가정의학과, 직업환경의학과, 응급의학과, 예방치과"
전라남도,전라남도 목포시 영산로 627 (석현동),종합병원,228,108,342,"내과, 신경과, 정신건강의학과, 외과, 정형외과, 신경외과, 심장혈관흉부외과, 마취통증의학과, 산부인과, 소아청소년과, 안과, 이비인후과, 비뇨의학과, 영상의학과, 병리과, 진단검사의학과, 재활의학과, 직업환경의학과, 응급의학과, 통합치의학과"
전라남도,"전라남도 여수시 좌수영로 49 (광무동, 전남병원)",종합병원,121,83,283,"내과, 신경과, 정신건강의학과, 외과, 정형외과, 신경외과, 마취통증의학과, 산부인과, 소아청소년과, 안과, 이비인후과, 피부과, 비뇨의학과, 영상의학과, 병리과, 결핵과, 가정의학과, 직업환경의학과, 응급의학과"
전라남도,전라남도 여수시 무선로 95 (선원동),종합병원,161,113,299,"내과, 정신건강의학과, 외과, 정형외과, 신경외과, 마취통증의학과, 산부인과, 소아청소년과, 이비인후과, 비뇨의학과, 영상의학과, 병리과, 진단검사의학과, 가정의학과, 직업환경의학과, 응급의학과, 치과보존과"
전라남도,전라남도 화순군 화순읍 서양로 322,종합병원,706,201,683,"내과, 신경과, 정신건강의학과, 외과, 정형외과, 신경외과, 심장혈관흉부외과, 성형외과, 마취통증의학과, 산부인과, 소아청소년과, 안과, 이비인후과, 피부과, 비뇨의학과, 영상의학과, 방사선종양학과, 병리과, 진단검사의학과, 재활의학과, 가정의학과, 핵의학과, 직업환경의학과, 응급의학과, 구강내과"
제주특별자치도,제주특별자치도 제주시 서광로 193 (삼도일동),종합병원,139,83,217,"내과, 신경과, 외과, 정형외과, 신경외과, 성형외과, 마취통증의학과, 산부인과, 소아청소년과, 이비인후과, 비뇨의학과, 영상의학과, 진단검사의학과, 가정의학과, 응급의학과, 예방치과"
전북특별자치도,전북특별자치도 군산시 조촌로 149 (조촌동),종합병원,149,91,283,"내과, 신경과, 외과, 정형외과, 신경외과, 심장혈관흉부외과, 마취통증의학과, 산부인과, 비뇨의학과, 영상의학과, 진단검사의학과, 재활의학과, 가정의학과, 직업환경의학과, 응급의학과, 치과"
전북특별자치도,"전북특별자치도 군산시 의료원로 27 (지곡동,(지곡동, 군산의료원))",종합병원,313,94,330,"내과, 신경과, 정신건강의학과, 외과, 정형외과, 신경외과, 심장혈관흉부외과, 성형외과, 마취통증의학과, 산부인과, 소아청소년과, 안과, 이비인후과, 피부과, 비뇨의학과, 영상의학과, 병리과, 진단검사의학과, 재활의학과, 가정의학과, 직업환경의학과, 응급의학과, 한방내과, 구강악안면외과, 통합치의학과"
전북특별자치도,전북특별자치도 익산시 무왕로 969 (신동),종합병원,159,116,299,"내과, 신경과, 정신건강의학과, 외과, 정형외과, 신경외과, 성형외과, 마취통증의학과, 산부인과, 비뇨의학과, 영상의학과, 진단검사의학과, 재활의학과, 가정의학과, 직업환경의학과, 응급의학과, 구강악안면외과, 치과보철과, 소아치과, 치주과, 치과보존과, 구강내과"
대구광역시,"대구광역시 달서구 월배로 97, 나사렛병원 (진천동)",종합병원,96,85,269,"내과, 신경과, 외과, 정형외과, 신경외과, 마취통증의학과, 산부인과, 소아청소년과, 영상의학과, 진단검사의학과, 재활의학과, 가정의학과, 응급의학과"
전북특별자치도,전북특별자치도 고창군 고창읍 화신1길 9,종합병원,127,82,258,"내과, 외과, 정형외과, 신경외과, 마취통증의학과, 산부인과, 소아청소년과, 이비인후과, 영상의학과, 진단검사의학과, 응급의학과"
광주광역시,광주광역시 서구 무진대로 975 (광천동),종합병원,69,65,201,"내과, 신경과, 외과, 정형외과, 신경외과, 마취통증의학과, 산부인과, 영상의학과, 재활의학과, 가정의학과, 치주과"
광주광역시,광주광역시 남구 양림로 37 (양림동),종합병원,542,166,540,"내과, 신경과, 정신건강의학과, 외과, 정형외과, 신경외과, 심장혈관흉부외과, 마취통증의학과, 산부인과, 소아청소년과, 안과, 이비인후과, 피부과, 비뇨의학과, 영상의학과, 병리과, 진단검사의학과, 재활의학과, 결핵과, 가정의학과, 핵의학과, 응급의학과, 구강악안면외과, 치과보철과, 소아치과, 치주과, 치과보존과, 구강내과, 영상치의학과, 예방치과"
광주광역시,광주광역시 남구 대남대로 238 (백운동),종합병원,206,68,276,"내과, 외과, 정형외과, 신경외과, 마취통증의학과, 산부인과, 영상의학과, 진단검사의학과, 응급의학과"
광주광역시,광주광역시 남구 서문대로654번길 5 (진월동),종합병원,127,43,173,"내과, 신경과, 외과, 정형외과, 신경외과, 마취통증의학과, 소아청소년과, 비뇨의학과, 영상의학과, 진단검사의학과, 재활의학과"
광주광역시,광주광역시 서구 금화로59번길 6 (금호동),종합병원,104,53,140,"내과, 외과, 정형외과, 신경외과, 마취통증의학과, 산부인과, 비뇨의학과, 영상의학과, 진단검사의학과, 가정의학과, 응급의학과"
광주광역시,광주광역시 서구 상무자유로 181-7 (치평동),종합병원,102,49,202,"내과, 신경과, 외과, 정형외과, 신경외과, 심장혈관흉부외과, 마취통증의학과, 산부인과, 소아청소년과, 이비인후과, 비뇨의학과, 영상의학과, 진단검사의학과, 응급의학과"
광주광역시,광주광역시 서구 월드컵4강로 223 (쌍촌동),종합병원,85,92,263,"내과, 외과, 정형외과, 신경외과, 마취통증의학과, 소아청소년과, 비뇨의학과, 영상의학과, 진단검사의학과, 응급의학과"
대전광역시,"대전광역시 중구 목중로 29 (목동, 선병원)",종합병원,354,96,328,"내과, 신경과, 정신건강의학과, 외과, 정형외과, 신경외과, 심장혈관흉부외과, 성형외과, 마취통증의학과, 산부인과, 소아청소년과, 안과, 이비인후과, 피부과, 비뇨의학과, 영상의학과, 방사선종양학과, 병리과, 진단검사의학과, 재활의학과, 가정의학과, 핵의학과, 응급의학과, 치과"
대전광역시,"대전광역시 중구 문화로 282 (대사동, 충남대학교병원)",종합병원,1517,319,1236,"내과, 신경과, 정신건강의학과, 외과, 정형외과, 신경외과, 심장혈관흉부외과, 성형외과, 마취통증의학과, 산부인과, 소아청소년과, 안과, 이비인후과, 피부과, 비뇨의학과, 영상의학과, 방사선종양학과, 병리과, 진단검사의학과, 재활의학과, 가정의학과, 핵의학과, 응급의학과, 예방의학과, 구강악안면외과, 치과보철과, 치과교정과, 소아치과, 치주과, 치과보존과, 구강내과, 영상치의학과, 구강병리과, 예방치과"
대전광역시,대전광역시 동구 동서대로 1672 (성남동),종합병원,151,69,251,"내과, 외과, 정형외과, 신경외과, 심장혈관흉부외과, 성형외과, 마취통증의학과, 산부인과, 소아청소년과, 이비인후과, 비뇨의학과, 진단검사의학과, 재활의학과, 가정의학과, 응급의학과, 치과"
부산광역시,부산광역시 동래구 충렬대로 187 (명륜동),종합병원,478,123,432,"내과, 신경과, 정신건강의학과, 외과, 정형외과, 신경외과, 성형외과, 마취통증의학과, 산부인과, 소아청소년과, 이비인후과, 피부과, 비뇨의학과, 영상의학과, 병리과, 진단검사의학과, 재활의학과, 가정의학과, 응급의학과, 구강악안면외과, 통합치의학과"
부산광역시,"부산광역시 동래구 충렬대로 96 (온천동, 광혜병원)",종합병원,165,50,175,"내과, 신경과, 외과, 정형외과, 마취통증의학과, 산부인과, 소아청소년과, 이비인후과, 영상의학과, 진단검사의학과, 재활의학과, 가정의학과"
부산광역시,부산광역시 동래구 안연로109번길 27 (안락동),종합병원,266,70,255,"내과, 신경과, 정신건강의학과, 외과, 정형외과, 신경외과, 마취통증의학과, 소아청소년과, 이비인후과, 비뇨의학과, 영상의학과, 진단검사의학과, 재활의학과, 가정의학과, 응급의학과"
부산광역시,부산광역시 북구 낙동대로 1786 (구포동),종합병원,236,61,243,"내과, 신경과, 외과, 정형외과, 신경외과, 심장혈관흉부외과, 마취통증의학과, 산부인과, 비뇨의학과, 영상의학과, 진단검사의학과, 응급의학과, 구강악안면외과"
부산광역시,부산광역시 북구 만덕대로 59 (덕천동),종합병원,396,131,384,"내과, 신경과, 정신건강의학과, 외과, 정형외과, 신경외과, 마취통증의학과, 산부인과, 소아청소년과, 비뇨의학과, 영상의학과, 병리과, 진단검사의학과, 응급의학과, 예방치과, 통합치의학과"
부산광역시,부산광역시 수영구 수영로679번길 8 (광안동),종합병원,379,125,477,"내과, 신경과, 정신건강의학과, 외과, 정형외과, 신경외과, 심장혈관흉부외과, 성형외과, 마취통증의학과, 산부인과, 소아청소년과, 비뇨의학과, 영상의학과, 진단검사의학과, 재활의학과, 가정의학과, 핵의학과, 직업환경의학과, 응급의학과, 예방의학과, 통합치의학과"
부산광역시,부산광역시 수영구 수영로 615 (광안동),종합병원,263,90,299,"내과, 신경과, 정신건강의학과, 외과, 정형외과, 신경외과, 심장혈관흉부외과, 마취통증의학과, 산부인과, 소아청소년과, 이비인후과, 비뇨의학과, 영상의학과, 병리과, 진단검사의학과, 재활의학과, 가정의학과, 응급의학과, 통합치의학과"
부산광역시,부산광역시 수영구 수영로 493 (남천동),종합병원,580,193,570,"내과, 신경과, 정신건강의학과, 외과, 정형외과, 신경외과, 심장혈관흉부외과, 마취통증의학과, 산부인과, 소아청소년과, 안과, 이비인후과, 비뇨의학과, 영상의학과, 방사선종양학과, 병리과, 진단검사의학과, 재활의학과, 가정의학과, 핵의학과, 직업환경의학과, 응급의학과, 구강악안면외과, 치과보존과"
부산광역시,부산광역시 기장군 장안읍 좌동길 40,종합병원,380,79,246,"내과, 정신건강의학과, 외과, 정형외과, 신경외과, 심장혈관흉부외과, 마취통증의학과, 산부인과, 소아청소년과, 이비인후과, 비뇨의학과, 영상의학과, 방사선종양학과, 병리과, 진단검사의학과, 재활의학과, 가정의학과, 핵의학과, 응급의학과"
울산광역시,울산광역시 중구 태화로 239 (태화동),종합병원,725,136,569,"내과, 신경과, 정신건강의학과, 외과, 정형외과, 신경외과, 심장혈관흉부외과, 성형외과, 마취통증의학과, 산부인과, 소아청소년과, 안과, 이비인후과, 피부과, 비뇨의학과, 영상의학과, 병리과, 진단검사의학과, 재활의학과, 가정의학과, 직업환경의학과, 응급의학과, 치과"
서울특별시,"서울특별시 종로구 새문안로 9, 적십자병원 (평동)",종합병원,223,62,292,"내과, 신경과, 정신건강의학과, 외과, 정형외과, 마취통증의학과, 산부인과, 소아청소년과, 안과, 이비인후과, 피부과, 비뇨의학과, 영상의학과, 병리과, 진단검사의학과, 가정의학과, 응급의학과, 통합치의학과"
경상북도,경상북도 포항시 남구 대잠동길 17 (대잠동),종합병원,327,164,519,"내과, 신경과, 정신건강의학과, 외과, 정형외과, 신경외과, 심장혈관흉부외과, 마취통증의학과, 산부인과, 소아청소년과, 안과, 이비인후과, 피부과, 비뇨의학과, 영상의학과, 방사선종양학과, 병리과, 진단검사의학과, 재활의학과, 가정의학과, 직업환경의학과, 응급의학과, 구강악안면외과"
경상북도,경상북도 포항시 남구 포스코대로 351 (대도동),종합병원,469,240,726,"내과, 신경과, 정신건강의학과, 외과, 정형외과, 신경외과, 심장혈관흉부외과, 성형외과, 마취통증의학과, 산부인과, 소아청소년과, 안과, 이비인후과, 비뇨의학과, 영상의학과, 방사선종양학과, 병리과, 진단검사의학과, 재활의학과, 가정의학과, 핵의학과, 직업환경의학과, 응급의학과, 구강내과"
경상북도,"경상북도 포항시 남구 희망대로 352 (이동, 에스포항병원)",종합병원,137,67,254,"내과, 신경과, 외과, 신경외과, 마취통증의학과, 산부인과, 영상의학과, 진단검사의학과, 재활의학과, 예방치과"
부산광역시,부산광역시 동구 정공단로 27 (좌천동),종합병원,178,74,162,"내과, 신경과, 외과, 정형외과, 마취통증의학과, 산부인과, 소아청소년과, 영상의학과, 병리과, 진단검사의학과, 가정의학과"
부산광역시,"부산광역시 동구 중앙대로 401 (좌천동, 봉생병원)",종합병원,377,108,389,"내과, 신경과, 정신건강의학과, 외과, 정형외과, 신경외과, 마취통증의학과, 산부인과, 소아청소년과, 이비인후과, 비뇨의학과, 영상의학과, 병리과, 진단검사의학과, 재활의학과, 응급의학과, 치주과"
부산광역시,부산광역시 동구 범일로 119 (범일동),종합병원,377,112,299,"내과, 신경과, 정신건강의학과, 외과, 정형외과, 신경외과, 성형외과, 마취통증의학과, 산부인과, 소아청소년과, 이비인후과, 피부과, 비뇨의학과, 영상의학과, 병리과, 진단검사의학과, 가정의학과, 응급의학과, 치과보존과"
경상북도,경상북도 포항시 북구 대신로 43 (대신동),종합병원,140,96,299,"내과, 신경과, 외과, 정형외과, 신경외과, 심장혈관흉부외과, 마취통증의학과, 산부인과, 이비인후과, 영상의학과, 병리과, 가정의학과, 직업환경의학과, 응급의학과, 치과교정과"
경상북도,"경상북도 포항시 북구 용흥로 36 (용흥동, (용흥동))",종합병원,120,77,297,"내과, 신경과, 정신건강의학과, 외과, 정형외과, 신경외과, 마취통증의학과, 산부인과, 소아청소년과, 안과, 이비인후과, 비뇨의학과, 영상의학과, 진단검사의학과, 재활의학과, 가정의학과, 응급의학과, 구강악안면외과, 치과보철과, 소아치과, 치주과, 치과보존과, 구강내과, 영상치의학과, 구강병리과, 예방치과"
전북특별자치도,"전북특별자치도 남원시 충정로 365 (고죽동,(고죽동))",종합병원,153,86,292,
광주광역시,광주광역시 광산구 첨단월봉로 99 (산월동),종합병원,408,135,549,"내과, 신경과, 정신건강의학과, 외과, 정형외과, 신경외과, 심장혈관흉부외과, 성형외과, 마취통증의학과, 산부인과, 소아청소년과, 안과, 이비인후과, 피부과, 비뇨의학과, 영상의학과, 병리과, 진단검사의학과, 재활의학과, 가정의학과, 핵의학과, 응급의학과, 한방내과"
광주광역시,"광주광역시 광산구 수완로 6, A동1,3,5,6층/B동동 (신가동)",종합병원,179,97,299,"내과, 신경과, 외과, 정형외과, 신경외과, 심장혈관흉부외과, 마취통증의학과, 산부인과, 소아청소년과, 영상의학과, 진단검사의학과, 재활의학과, 가정의학과, 응급의학과"
광주광역시,광주광역시 서구 화운로 1 (화정동),종합병원,177,49,200,"내과, 신경과, 외과, 정형외과, 신경외과, 심장혈관흉부외과, 마취통증의학과, 소아청소년과, 영상의학과, 진단검사의학과, 응급의학과"
대전광역시,대전광역시 대덕구 대청로82번길 147 (신탄진동),종합병원,364,103,387,"내과, 신경과, 정신건강의학과, 외과, 정형외과, 신경외과, 마취통증의학과, 산부인과, 소아청소년과, 안과, 이비인후과, 피부과, 비뇨의학과, 영상의학과, 진단검사의학과, 재활의학과, 가정의학과, 응급의학과, 한방내과, 구강악안면외과"
대전광역시,대전광역시 대덕구 계족로 637 (법동),종합병원,219,70,230,"내과, 신경과, 정신건강의학과, 외과, 정형외과, 신경외과, 마취통증의학과, 산부인과, 비뇨의학과, 영상의학과, 진단검사의학과, 재활의학과, 가정의학과, 직업환경의학과, 응급의학과"
대전광역시,대전광역시 중구 대흥로 64 (대흥동),종합병원,718,154,609,"내과, 신경과, 정신건강의학과, 외과, 정형외과, 신경외과, 심장혈관흉부외과, 성형외과, 마취통증의학과, 산부인과, 소아청소년과, 안과, 이비인후과, 피부과, 비뇨의학과, 영상의학과, 방사선종양학과, 병리과, 진단검사의학과, 재활의학과, 가정의학과, 핵의학과, 응급의학과, 구강악안면외과, 치과보철과, 치과교정과, 치과보존과"
부산광역시,부산광역시 영도구 태종로 133 (봉래동3가),종합병원,227,72,265,"내과, 신경과, 정신건강의학과, 외과, 정형외과, 신경외과, 심장혈관흉부외과, 마취통증의학과, 산부인과, 소아청소년과, 이비인후과, 비뇨의학과, 영상의학과, 진단검사의학과, 재활의학과, 가정의학과, 응급의학과"
부산광역시,부산광역시 영도구 태종로 85 (대교동2가),종합병원,206,61,227,"내과, 신경과, 외과, 정형외과, 신경외과, 마취통증의학과, 산부인과, 소아청소년과, 비뇨의학과, 영상의학과, 병리과, 가정의학과, 직업환경의학과, 치주과"
부산광역시,부산광역시 남구 용호로232번길 25-14 (용호동),종합병원,425,145,395,"내과, 신경과, 정신건강의학과, 외과, 정형외과, 신경외과, 마취통증의학과, 산부인과, 소아청소년과, 안과, 이비인후과, 비뇨의학과, 영상의학과, 병리과, 진단검사의학과, 재활의학과, 가정의학과, 핵의학과, 응급의학과, 구강악안면외과, 치과보철과, 소아치과, 치주과, 치과보존과, 구강내과, 영상치의학과"
부산광역시,부산광역시 중구 중구로 121 (대청동4가),종합병원,407,121,368,"내과, 신경과, 정신건강의학과, 외과, 정형외과, 신경외과, 심장혈관흉부외과, 마취통증의학과, 산부인과, 소아청소년과, 안과, 이비인후과, 피부과, 비뇨의학과, 영상의학과, 방사선종양학과, 병리과, 진단검사의학과, 재활의학과, 가정의학과, 구강악안면외과, 치과보철과, 치과교정과, 소아치과, 치주과, 치과보존과, 구강내과, 영상치의학과, 구강병리과, 예방치과"
부산광역시,부산광역시 해운대구 해운대로 875 (좌동),종합병원,1602,239,866,"내과, 신경과, 정신건강의학과, 외과, 정형외과, 신경외과, 심장혈관흉부외과, 성형외과, 마취통증의학과, 산부인과, 소아청소년과, 안과, 이비인후과, 피부과, 비뇨의학과, 영상의학과, 방사선종양학과, 병리과, 진단검사의학과, 재활의학과, 가정의학과, 핵의학과, 직업환경의학과, 응급의학과, 구강악안면외과, 치과보철과, 치과교정과"
부산광역시,"부산광역시 부산진구 복지로 75, 진사로83번길 81, 1층(일부), 3층 (개금동)",종합병원,1699,182,842,"내과, 신경과, 정신건강의학과, 외과, 정형외과, 신경외과, 심장혈관흉부외과, 성형외과, 마취통증의학과, 산부인과, 소아청소년과, 안과, 이비인후과, 피부과, 비뇨의학과, 영상의학과, 방사선종양학과, 병리과, 진단검사의학과, 재활의학과, 가정의학과, 핵의학과, 직업환경의학과, 응급의학과, 예방의학과, 구강악안면외과, 구강내과"
부산광역시,"부산광역시 부산진구 가야대로 719, 767, 721, 본관 지하3~5층, 본관 6~11층 전부, 본관 12층 일부, 본관 13~14층 전부, (당감동)",종합병원,432,235,700,"내과, 신경과, 정신건강의학과, 외과, 정형외과, 신경외과, 심장혈관흉부외과, 성형외과, 마취통증의학과, 산부인과, 소아청소년과, 안과, 이비인후과, 비뇨의학과, 영상의학과, 방사선종양학과, 병리과, 진단검사의학과, 재활의학과, 가정의학과, 직업환경의학과, 응급의학과, 예방의학과, 한방내과, 한방부인과, 한방소아과, 한방안·이비인후·피부과, 한방신경정신과, 한방재활의학과, 사상체질과, 침구과, 구강악안면외과, 치과보철과"
부산광역시,부산광역시 해운대구 해운대로 584 (우동),종합병원,367,125,370,"내과, 신경과, 정신건강의학과, 외과, 정형외과, 신경외과, 마취통증의학과, 산부인과, 소아청소년과, 비뇨의학과, 영상의학과, 진단검사의학과, 가정의학과, 응급의학과, 치과보철과, 소아치과, 치주과, 치과보존과"
부산광역시,"부산광역시 연제구 월드컵대로 359 (거제동, 1동, 5동일부)",종합병원,385,137,543,"내과, 신경과, 정신건강의학과, 외과, 정형외과, 신경외과, 심장혈관흉부외과, 마취통증의학과, 산부인과, 소아청소년과, 안과, 이비인후과, 피부과, 비뇨의학과, 영상의학과, 병리과, 진단검사의학과, 재활의학과, 가정의학과, 응급의학과, 구강악안면외과, 치주과, 통합치의학과"
부산광역시,부산광역시 사상구 백양대로 420 (주례동),종합병원,462,104,476,"내과, 신경과, 정신건강의학과, 외과, 정형외과, 신경외과, 마취통증의학과, 산부인과, 소아청소년과, 안과, 이비인후과, 피부과, 비뇨의학과, 영상의학과, 병리과, 진단검사의학과, 재활의학과, 가정의학과, 한방내과, 치과보철과"
부산광역시,"부산광역시 사상구 가야대로 326, 좋은삼선병원 (주례동)",종합병원,436,126,411,"내과, 신경과, 정신건강의학과, 외과, 정형외과, 신경외과, 마취통증의학과, 산부인과, 소아청소년과, 이비인후과, 비뇨의학과, 영상의학과, 병리과, 진단검사의학과, 재활의학과, 가정의학과, 직업환경의학과, 응급의학과, 통합치의학과"
부산광역시,부산광역시 서구 감천로 262 (암남동),종합병원,1268,261,844,"내과, 신경과, 정신건강의학과, 외과, 정형외과, 신경외과, 심장혈관흉부외과, 성형외과, 마취통증의학과, 산부인과, 소아청소년과, 안과, 이비인후과, 피부과, 비뇨의학과, 영상의학과, 방사선종양학과, 병리과, 진단검사의학과, 재활의학과, 가정의학과, 핵의학과, 직업환경의학과, 응급의학과, 구강악안면외과"
부산광역시,부산광역시 서구 구덕로 179 (아미동1가),종합병원,1953,322,1052,"내과, 신경과, 정신건강의학과, 외과, 정형외과, 신경외과, 심장혈관흉부외과, 성형외과, 마취통증의학과, 산부인과, 소아청소년과, 안과, 이비인후과, 피부과, 비뇨의학과, 영상의학과, 방사선종양학과, 병리과, 진단검사의학과, 재활의학과, 가정의학과, 핵의학과, 응급의학과, 한방안·이비인후·피부과, 구강악안면외과, 치과보철과, 치주과, 치과보존과, 구강내과"
부산광역시,부산광역시 서구 대신공원로 26 (동대신동3가),종합병원,1600,275,997,"내과, 신경과, 정신건강의학과, 외과, 정형외과, 신경외과, 심장혈관흉부외과, 성형외과, 마취통증의학과, 산부인과, 소아청소년과, 안과, 이비인후과, 피부과, 비뇨의학과, 영상의학과, 방사선종양학과, 병리과, 진단검사의학과, 재활의학과, 가정의학과, 핵의학과, 직업환경의학과, 응급의학과, 구강악안면외과"
부산광역시,부산광역시 서구 대티로 170 (서대신동2가),종합병원,328,97,312,"내과, 신경과, 정신건강의학과, 외과, 정형외과, 신경외과, 심장혈관흉부외과, 마취통증의학과, 산부인과, 소아청소년과, 안과, 이비인후과, 비뇨의학과, 영상의학과, 방사선종양학과, 병리과, 진단검사의학과, 재활의학과, 가정의학과, 직업환경의학과, 응급의학과, 구강악안면외과, 치과보철과, 치과교정과, 소아치과, 치주과, 치과보존과, 구강내과, 영상치의학과, 구강병리과, 예방치과"
경상남도,경상남도 통영시 무전7길 192 (무전동),종합병원,144,71,227,"내과, 신경과, 외과, 정형외과, 신경외과, 마취통증의학과, 산부인과, 이비인후과, 비뇨의학과, 영상의학과, 진단검사의학과, 응급의학과"
울산광역시,"울산광역시 중구 외솔큰길 215 (남외동, 동천동강병원)",종합병원,222,55,243,"내과, 신경과, 외과, 정형외과, 신경외과, 심장혈관흉부외과, 마취통증의학과, 소아청소년과, 영상의학과, 진단검사의학과, 응급의학과"
경상남도,경상남도 김해시 가락로 359 (구산동),종합병원,149,59,293,"내과, 신경과, 외과, 정형외과, 신경외과, 마취통증의학과, 소아청소년과, 이비인후과, 비뇨의학과, 영상의학과, 진단검사의학과, 재활의학과, 가정의학과, 응급의학과, 구강악안면외과"
세종특별자치시,"세종특별자치시 보듬7로 20, 세종충남대학교병원 (도담동)",종합병원,818,133,408,"내과, 신경과, 정신건강의학과, 외과, 정형외과, 신경외과, 심장혈관흉부외과, 성형외과, 마취통증의학과, 산부인과, 소아청소년과, 안과, 이비인후과, 피부과, 비뇨의학과, 영상의학과, 방사선종양학과, 병리과, 진단검사의학과, 재활의학과, 가정의학과, 핵의학과, 응급의학과, 구강악안면외과"
전북특별자치도,전북특별자치도 남원시 충정로 365 (고죽동),종합병원,148,51,221,"내과, 신경과, 정신건강의학과, 외과, 정형외과, 신경외과, 심장혈관흉부외과, 마취통증의학과, 산부인과, 소아청소년과, 안과, 이비인후과, 비뇨의학과, 영상의학과, 병리과, 진단검사의학과, 재활의학과, 가정의학과, 응급의학과"
서울특별시,"서울특별시 서초구 서초중앙로 4, 기쁨병원 (서초동)",종합병원,127,31,110,"내과, 신경과, 외과, 정형외과, 마취통증의학과, 산부인과, 소아청소년과, 이비인후과, 피부과, 영상의학과, 진단검사의학과, 가정의학과, 응급의학과, 통합치의학과"
광주광역시,광주광역시 광산구 첨단중앙로170번길 59 (쌍암동),종합병원,200,140,487,"내과, 신경과, 정신건강의학과, 외과, 정형외과, 신경외과, 심장혈관흉부외과, 성형외과, 마취통증의학과, 산부인과, 소아청소년과, 안과, 이비인후과, 비뇨의학과, 영상의학과, 진단검사의학과, 재활의학과, 가정의학과, 핵의학과, 응급의학과, 치과"
광주광역시,광주광역시 광산구 목련로 316 (신가동),종합병원,91,50,201,"내과, 신경과, 외과, 정형외과, 신경외과, 마취통증의학과, 산부인과, 영상의학과, 진단검사의학과, 재활의학과, 응급의학과"
광주광역시,광주광역시 광산구 임방울대로 370 (수완동),종합병원,52,50,170,"내과, 외과, 정형외과, 신경외과, 심장혈관흉부외과, 마취통증의학과, 산부인과, 소아청소년과, 이비인후과, 비뇨의학과, 영상의학과, 진단검사의학과, 재활의학과, 응급의학과"
광주광역시,광주광역시  용아로 259,종합병원,111,90,271,"내과, 신경과, 외과, 정형외과, 신경외과, 심장혈관흉부외과, 마취통증의학과, 산부인과, 소아청소년과, 안과, 이비인후과, 비뇨의학과, 영상의학과, 진단검사의학과, 응급의학과"
대전광역시,"대전광역시 서구 계백로 1322 (정림동, 대청병원)",종합병원,71,51,262,"내과, 신경과, 외과, 정형외과, 신경외과, 마취통증의학과, 산부인과, 이비인후과, 비뇨의학과, 영상의학과, 진단검사의학과, 가정의학과, 구강악안면외과"
대전광역시,대전광역시 유성구 북유성대로 93 (지족동),종합병원,497,105,329,"내과, 신경과, 정신건강의학과, 외과, 정형외과, 신경외과, 심장혈관흉부외과, 성형외과, 마취통증의학과, 산부인과, 소아청소년과, 이비인후과, 피부과, 비뇨의학과, 영상의학과, 방사선종양학과, 진단검사의학과, 재활의학과, 가정의학과, 직업환경의학과, 치과"
대전광역시,"대전광역시 서구 관저동로 158, 건양대학교병원 (관저동)",종합병원,893,301,839,"내과, 신경과, 정신건강의학과, 외과, 정형외과, 신경외과, 심장혈관흉부외과, 성형외과, 마취통증의학과, 산부인과, 소아청소년과, 안과, 이비인후과, 피부과, 비뇨의학과, 영상의학과, 방사선종양학과, 병리과, 진단검사의학과, 재활의학과, 가정의학과, 핵의학과, 응급의학과, 치과"
대전광역시,대전광역시 서구 둔산서로 95 (둔산동),종합병원,916,158,577,"내과, 신경과, 정신건강의학과, 외과, 정형외과, 신경외과, 심장혈관흉부외과, 성형외과, 마취통증의학과, 산부인과, 소아청소년과, 안과, 이비인후과, 피부과, 비뇨의학과, 영상의학과, 방사선종양학과, 병리과, 진단검사의학과, 재활의학과, 가정의학과, 핵의학과, 응급의학과, 구강악안면외과"
경기도,"경기도 광명시 디지털로 36, 광명성애병원 (철산동)",종합병원,289,94,269,"내과, 신경과, 정신건강의학과, 외과, 정형외과, 신경외과, 심장혈관흉부외과, 성형외과, 마취통증의학과, 산부인과, 소아청소년과, 안과, 이비인후과, 피부과, 비뇨의학과, 영상의학과, 병리과, 진단검사의학과, 재활의학과, 가정의학과, 직업환경의학과, 응급의학과, 구강악안면외과"
서울특별시,"서울특별시 강남구 일원로 81 (일원동, 삼성의료원)",종합병원,4184,651,1991,"내과, 신경과, 정신건강의학과, 외과, 정형외과, 신경외과, 심장혈관흉부외과, 성형외과, 마취통증의학과, 산부인과, 소아청소년과, 안과, 이비인후과, 피부과, 비뇨의학과, 영상의학과, 방사선종양학과, 병리과, 진단검사의학과, 재활의학과, 가정의학과, 핵의학과, 응급의학과, 구강악안면외과, 치과보철과, 치과교정과, 소아치과, 치주과, 치과보존과"
서울특별시,"서울특별시 강남구 언주로 211, 강남세브란스병원 (도곡동)",종합병원,1411,260,766,"내과, 신경과, 정신건강의학과, 외과, 정형외과, 신경외과, 심장혈관흉부외과, 성형외과, 마취통증의학과, 산부인과, 소아청소년과, 안과, 이비인후과, 피부과, 비뇨의학과, 영상의학과, 방사선종양학과, 병리과, 진단검사의학과, 재활의학과, 가정의학과, 핵의학과, 응급의학과, 구강악안면외과, 치과보철과, 치과교정과, 치주과, 치과보존과"
서울특별시,"서울특별시 강남구 논현로 566, 강남차병원(역삼동650-9, 606-4, 605외2필지(지하7층~지하1층, 지상2층~7층)) (역삼동)",종합병원,382,134,251,"내과, 신경과, 정신건강의학과, 외과, 신경외과, 심장혈관흉부외과, 성형외과, 마취통증의학과, 산부인과, 소아청소년과, 비뇨의학과, 영상의학과, 병리과, 진단검사의학과, 한방내과, 한방부인과, 한방소아과, 한방안·이비인후·피부과, 한방신경정신과, 한방재활의학과, 사상체질과, 침구과, 구강악안면외과, 치과보철과, 치과교정과, 통합치의학과"
서울특별시,서울특별시 광진구 능동로 120-1 (화양동),종합병원,1244,240,858,"내과, 신경과, 정신건강의학과, 외과, 정형외과, 신경외과, 심장혈관흉부외과, 성형외과, 마취통증의학과, 산부인과, 소아청소년과, 안과, 이비인후과, 피부과, 비뇨의학과, 영상의학과, 방사선종양학과, 병리과, 진단검사의학과, 재활의학과, 가정의학과, 핵의학과, 응급의학과, 구강악안면외과, 치과보철과, 치과교정과"
서울특별시,서울특별시 광진구 자양로 85 (자양동),종합병원,162,57,224,"내과, 신경과, 외과, 정형외과, 신경외과, 심장혈관흉부외과, 마취통증의학과, 산부인과, 이비인후과, 영상의학과, 진단검사의학과, 가정의학과, 응급의학과"
서울특별시,"서울특별시 강남구 남부순환로 2649, 베드로병원 (도곡동)",종합병원,112,56,184,"내과, 외과, 정형외과, 신경외과, 마취통증의학과, 산부인과, 비뇨의학과, 영상의학과, 병리과, 진단검사의학과, 재활의학과, 응급의학과"
서울특별시,"서울특별시 노원구 노원로 75, 한국원자력의학원 (공릉동)",종합병원,630,158,483,"내과, 신경과, 정신건강의학과, 외과, 정형외과, 신경외과, 심장혈관흉부외과, 성형외과, 마취통증의학과, 산부인과, 소아청소년과, 안과, 이비인후과, 피부과, 비뇨의학과, 영상의학과, 방사선종양학과, 병리과, 진단검사의학과, 가정의학과, 핵의학과, 응급의학과, 구강악안면외과, 치과보철과, 치과교정과, 소아치과, 치주과, 치과보존과, 구강내과, 영상치의학과, 예방치과"
서울특별시,"서울특별시 노원구 동일로 1342, 상계백병원 (상계동)",종합병원,949,125,465,"내과, 신경과, 정신건강의학과, 외과, 정형외과, 신경외과, 심장혈관흉부외과, 성형외과, 마취통증의학과, 산부인과, 소아청소년과, 안과, 이비인후과, 피부과, 비뇨의학과, 영상의학과, 방사선종양학과, 병리과, 진단검사의학과, 재활의학과, 가정의학과, 핵의학과, 직업환경의학과, 응급의학과, 구강악안면외과"
서울특별시,"서울특별시 노원구 한글비석로 68, 을지병원 (하계동)",종합병원,766,125,543,"내과, 신경과, 정신건강의학과, 외과, 정형외과, 신경외과, 심장혈관흉부외과, 성형외과, 마취통증의학과, 산부인과, 소아청소년과, 안과, 이비인후과, 피부과, 비뇨의학과, 영상의학과, 방사선종양학과, 병리과, 진단검사의학과, 재활의학과, 가정의학과, 핵의학과, 응급의학과, 구강악안면외과, 치과보철과, 치과교정과"
서울특별시,서울특별시 동대문구 무학로 124 (용두동),종합병원,192,54,201,"내과, 신경과, 정신건강의학과, 외과, 정형외과, 마취통증의학과, 산부인과, 소아청소년과, 안과, 이비인후과, 비뇨의학과, 영상의학과, 병리과, 진단검사의학과, 가정의학과, 응급의학과, 치과"
서울특별시,서울특별시 강동구 진황도로61길 53 (둔촌동),종합병원,1199,234,987,"내과, 신경과, 정신건강의학과, 외과, 정형외과, 신경외과, 심장혈관흉부외과, 성형외과, 마취통증의학과, 산부인과, 소아청소년과, 안과, 이비인후과, 피부과, 비뇨의학과, 영상의학과, 방사선종양학과, 병리과, 진단검사의학과, 재활의학과, 가정의학과, 핵의학과, 응급의학과, 한방재활의학과, 구강악안면외과, 치과보철과, 치주과, 치과보존과, 구강내과, 통합치의학과"
서울특별시,서울특별시 강동구 성안로 150 (길동),종합병원,872,151,619,"내과, 신경과, 정신건강의학과, 외과, 정형외과, 신경외과, 심장혈관흉부외과, 성형외과, 마취통증의학과, 산부인과, 소아청소년과, 안과, 이비인후과, 피부과, 비뇨의학과, 영상의학과, 방사선종양학과, 병리과, 진단검사의학과, 재활의학과, 가정의학과, 응급의학과, 구강악안면외과, 치과보철과, 치과교정과"
서울특별시,"서울특별시 도봉구 우이천로 308, 한일병원 (쌍문동)",종합병원,561,93,381,"내과, 신경과, 정신건강의학과, 외과, 정형외과, 신경외과, 심장혈관흉부외과, 성형외과, 마취통증의학과, 산부인과, 소아청소년과, 안과, 이비인후과, 피부과, 비뇨의학과, 영상의학과, 병리과, 진단검사의학과, 재활의학과, 가정의학과, 핵의학과, 응급의학과, 치과보철과"
서울특별시,서울특별시 동대문구 경희대로 23 (회기동),종합병원,1257,233,801,"내과, 신경과, 정신건강의학과, 외과, 정형외과, 신경외과, 심장혈관흉부외과, 성형외과, 마취통증의학과, 산부인과, 소아청소년과, 안과, 이비인후과, 피부과, 비뇨의학과, 영상의학과, 방사선종양학과, 병리과, 진단검사의학과, 재활의학과, 가정의학과, 핵의학과, 직업환경의학과, 응급의학과, 구강악안면외과"
서울특별시,서울특별시 동대문구 망우로 82 (휘경동),종합병원,545,99,418,"내과, 신경과, 정신건강의학과, 외과, 정형외과, 신경외과, 심장혈관흉부외과, 마취통증의학과, 산부인과, 소아청소년과, 안과, 이비인후과, 피부과, 비뇨의학과, 영상의학과, 병리과, 진단검사의학과, 재활의학과, 가정의학과, 직업환경의학과, 응급의학과, 치과"
서울특별시,"서울특별시 관악구 남부순환로 1636, 양지병원 (신림동)",종합병원,536,75,289,"내과, 신경과, 정신건강의학과, 외과, 정형외과, 신경외과, 심장혈관흉부외과, 마취통증의학과, 산부인과, 소아청소년과, 이비인후과, 비뇨의학과, 영상의학과, 병리과, 진단검사의학과, 재활의학과, 가정의학과, 직업환경의학과, 응급의학과"
서울특별시,"서울특별시 동대문구 왕산로 259, 서울성심병원 (청량리동)",종합병원,180,59,230,"내과, 신경과, 정신건강의학과, 외과, 정형외과, 마취통증의학과, 산부인과, 소아청소년과, 영상의학과, 병리과, 진단검사의학과, 재활의학과, 치과교정과"
서울특별시,"서울특별시 강서구 공항대로 389, 부민병원 (등촌동)",종합병원,348,123,300,"내과, 신경과, 외과, 정형외과, 신경외과, 마취통증의학과, 산부인과, 소아청소년과, 비뇨의학과, 영상의학과, 진단검사의학과, 재활의학과, 가정의학과, 응급의학과"
서울특별시,서울특별시 강동구 동남로 892 (상일동),종합병원,1136,195,704,"내과, 신경과, 정신건강의학과, 외과, 정형외과, 신경외과, 심장혈관흉부외과, 성형외과, 마취통증의학과, 산부인과, 소아청소년과, 안과, 이비인후과, 피부과, 비뇨의학과, 영상의학과, 방사선종양학과, 병리과, 진단검사의학과, 재활의학과, 핵의학과, 응급의학과, 구강악안면외과"
서울특별시,서울특별시 강서구 하늘길 70 (과해동),종합병원,153,41,165,"내과, 외과, 정형외과, 신경외과, 마취통증의학과, 산부인과, 영상의학과, 진단검사의학과, 재활의학과"
서울특별시,"서울특별시 강북구 도봉로 301 (수유동, 대한병원)",종합병원,58,41,201,"내과, 신경과, 외과, 정형외과, 신경외과, 마취통증의학과, 산부인과, 영상의학과, 진단검사의학과, 응급의학과"
서울특별시,서울특별시 강서구 강서로 295 (내발산동),종합병원,206,64,100,"내과, 외과, 마취통증의학과, 산부인과, 소아청소년과, 비뇨의학과, 영상의학과, 진단검사의학과, 가정의학과"
인천광역시,인천광역시 계양구 장제로 722 (작전동),종합병원,367,104,414,"내과, 신경과, 정신건강의학과, 외과, 정형외과, 신경외과, 심장혈관흉부외과, 성형외과, 마취통증의학과, 산부인과, 소아청소년과, 안과, 이비인후과, 피부과, 비뇨의학과, 영상의학과, 방사선종양학과, 병리과, 진단검사의학과, 재활의학과, 가정의학과, 핵의학과, 직업환경의학과, 응급의학과, 예방치과"
인천광역시,"인천광역시 남동구 논현로 72, 인천힘찬종합병원 (논현동)",종합병원,106,73,239,"내과, 신경과, 외과, 정형외과, 신경외과, 마취통증의학과, 산부인과, 소아청소년과, 비뇨의학과, 영상의학과, 진단검사의학과, 재활의학과, 가정의학과, 직업환경의학과, 응급의학과, 예방치과"
서울특별시,서울특별시 은평구 통일로 1021 (진관동),종합병원,1353,217,779,"내과, 신경과, 정신건강의학과, 외과, 정형외과, 신경외과, 심장혈관흉부외과, 성형외과, 마취통증의학과, 산부인과, 소아청소년과, 안과, 이비인후과, 피부과, 비뇨의학과, 영상의학과, 방사선종양학과, 병리과, 진단검사의학과, 재활의학과, 가정의학과, 핵의학과, 응급의학과, 구강악안면외과, 치과보철과, 치과보존과"
경상남도,경상남도 창원시 성산구 창원대로 721 (중앙동),종합병원,241,71,255,"내과, 신경과, 정신건강의학과, 외과, 정형외과, 신경외과, 심장혈관흉부외과, 마취통증의학과, 산부인과, 소아청소년과, 이비인후과, 피부과, 비뇨의학과, 영상의학과, 병리과, 진단검사의학과, 재활의학과, 가정의학과, 직업환경의학과, 응급의학과, 구강악안면외과, 치과보철과, 치과교정과, 소아치과, 치주과, 치과보존과, 구강내과, 영상치의학과, 구강병리과, 예방치과"
경상남도,경상남도 창원시 마산합포구 3·15대로 231 (중앙동3가),종합병원,164,75,298,"내과, 신경과, 정신건강의학과, 외과, 정형외과, 신경외과, 심장혈관흉부외과, 마취통증의학과, 산부인과, 소아청소년과, 이비인후과, 피부과, 비뇨의학과, 영상의학과, 진단검사의학과, 재활의학과, 응급의학과"
경상남도,경상남도 양산시 신기로 28 (신기동),종합병원,128,47,201,"내과, 신경과, 외과, 정형외과, 신경외과, 마취통증의학과, 소아청소년과, 영상의학과, 진단검사의학과, 가정의학과, 치과, 치과보철과"
경상남도,경상남도 양산시 물금읍 금오로 20,종합병원,1965,346,1200,"내과, 신경과, 정신건강의학과, 외과, 정형외과, 신경외과, 심장혈관흉부외과, 성형외과, 마취통증의학과, 산부인과, 소아청소년과, 안과, 이비인후과, 피부과, 비뇨의학과, 영상의학과, 방사선종양학과, 병리과, 진단검사의학과, 재활의학과, 가정의학과, 핵의학과, 직업환경의학과, 응급의학과, 구강악안면외과"
경상남도,경상남도 김해시 분성로 94-8 (외동),종합병원,265,124,452,"내과, 신경과, 정신건강의학과, 외과, 정형외과, 신경외과, 심장혈관흉부외과, 성형외과, 마취통증의학과, 산부인과, 소아청소년과, 안과, 이비인후과, 피부과, 비뇨의학과, 영상의학과, 병리과, 진단검사의학과, 재활의학과, 가정의학과, 직업환경의학과, 응급의학과, 치과, 구강악안면외과, 치과보철과, 치과교정과, 소아치과, 치주과, 치과보존과, 구강내과, 영상치의학과, 구강병리과, 예방치과"
경상남도,경상남도 김해시 장유로 167-13 (부곡동),종합병원,107,47,210,"내과, 신경과, 외과, 정형외과, 신경외과, 마취통증의학과, 산부인과, 소아청소년과, 이비인후과, 비뇨의학과, 영상의학과, 진단검사의학과, 가정의학과, 응급의학과"
경상남도,경상남도 김해시 활천로 33 (삼정동),종합병원,167,91,378,"내과, 신경과, 정신건강의학과, 외과, 정형외과, 신경외과, 마취통증의학과, 산부인과, 소아청소년과, 비뇨의학과, 영상의학과, 진단검사의학과, 직업환경의학과, 응급의학과, 소아치과, 예방치과"
경상남도,경상남도 거제시 계룡로5길 14 (상동동),종합병원,341,107,385,"내과, 정신건강의학과, 외과, 정형외과, 신경외과, 마취통증의학과, 산부인과, 소아청소년과, 이비인후과, 비뇨의학과, 영상의학과, 진단검사의학과, 직업환경의학과, 응급의학과, 구강악안면외과"
경상남도,경상남도 진주시 진주대로 885 (강남동),종합병원,279,94,260,"내과, 신경과, 외과, 정형외과, 신경외과, 심장혈관흉부외과, 마취통증의학과, 산부인과, 소아청소년과, 비뇨의학과, 영상의학과, 병리과, 진단검사의학과, 가정의학과, 직업환경의학과, 응급의학과"
경상남도,"경상남도 진주시 동진로 2 (칠암동, 진주고려병원)",종합병원,192,66,221,"내과, 신경과, 외과, 정형외과, 신경외과, 성형외과, 마취통증의학과, 산부인과, 비뇨의학과, 영상의학과, 병리과, 가정의학과, 직업환경의학과, 응급의학과, 소아치과"
경상남도,경상남도 진주시 강남로 79 (칠암동),종합병원,1347,209,873,"내과, 신경과, 정신건강의학과, 외과, 정형외과, 신경외과, 심장혈관흉부외과, 성형외과, 마취통증의학과, 산부인과, 소아청소년과, 안과, 이비인후과, 피부과, 비뇨의학과, 영상의학과, 방사선종양학과, 병리과, 진단검사의학과, 재활의학과, 가정의학과, 핵의학과, 응급의학과, 구강악안면외과"
경상남도,"경상남도 진주시 범골로 17, 한일병원 지하1 1~7층 (충무공동)",종합병원,202,94,298,"내과, 신경과, 외과, 정형외과, 신경외과, 마취통증의학과, 산부인과, 소아청소년과, 안과, 피부과, 비뇨의학과, 영상의학과, 진단검사의학과, 재활의학과, 응급의학과, 침구과, 구강악안면외과"
경상남도,경상남도 거제시 연초면 거제대로 4477,종합병원,133,36,200,"내과, 외과, 정형외과, 신경외과, 마취통증의학과, 소아청소년과, 비뇨의학과, 영상의학과, 진단검사의학과, 재활의학과, 가정의학과, 직업환경의학과, 구강악안면외과, 치과보철과, 소아치과, 치주과, 치과보존과, 구강내과, 영상치의학과, 예방치과, 통합치의학과"
경상남도,경상남도 창원시 의창구 용동로57번길 8 (사림동),종합병원,542,222,765,"내과, 신경과, 정신건강의학과, 외과, 정형외과, 신경외과, 심장혈관흉부외과, 성형외과, 마취통증의학과, 산부인과, 소아청소년과, 안과, 이비인후과, 피부과, 비뇨의학과, 영상의학과, 방사선종양학과, 병리과, 진단검사의학과, 재활의학과, 가정의학과, 핵의학과, 직업환경의학과, 응급의학과, 구강악안면외과"
경상남도,경상남도 김해시 김해대로 1814-37 (삼계동),종합병원,233,95,357,"내과, 신경과, 정신건강의학과, 외과, 정형외과, 신경외과, 마취통증의학과, 산부인과, 소아청소년과, 이비인후과, 피부과, 비뇨의학과, 영상의학과, 진단검사의학과, 재활의학과, 가정의학과, 직업환경의학과, 응급의학과, 치주과"
경상남도,경상남도 창원시 마산합포구 3·15대로 238 (중앙동3가),종합병원,100,52,233,"내과, 외과, 정형외과, 신경외과, 마취통증의학과, 산부인과, 영상의학과, 진단검사의학과, 재활의학과"
경상남도,"경상남도 창원시 마산합포구 3·15대로 76 (월남동2가, 합포의료재단)",종합병원,230,98,298,"내과, 신경과, 정신건강의학과, 외과, 정형외과, 신경외과, 심장혈관흉부외과, 마취통증의학과, 산부인과, 소아청소년과, 이비인후과, 비뇨의학과, 영상의학과, 병리과, 진단검사의학과, 가정의학과, 응급의학과, 구강내과"
경상남도,경상남도 창원시 마산회원구 내서읍 광려천서로 67 (청아병원),종합병원,132,66,279,"내과, 신경과, 외과, 정형외과, 신경외과, 마취통증의학과, 소아청소년과, 이비인후과, 영상의학과, 진단검사의학과"
경상남도,경상남도 창원시 진해구 해원로32번길 13 (이동),종합병원,86,70,274,"내과, 신경과, 외과, 정형외과, 신경외과, 마취통증의학과, 소아청소년과, 영상의학과, 병리과, 가정의학과, 응급의학과"
경상남도,"경상남도 창원시 성산구 삼정자로 11 (성주동, 창원경상대학교병원)",종합병원,978,162,568,"내과, 신경과, 정신건강의학과, 외과, 정형외과, 신경외과, 심장혈관흉부외과, 성형외과, 마취통증의학과, 산부인과, 소아청소년과, 안과, 이비인후과, 피부과, 비뇨의학과, 영상의학과, 방사선종양학과, 병리과, 진단검사의학과, 재활의학과, 핵의학과, 직업환경의학과, 응급의학과, 구강악안면외과"
경기도,경기도 수원시 영통구 월드컵로 164 (원천동),종합병원,2435,288,1162,"내과, 신경과, 정신건강의학과, 외과, 정형외과, 신경외과, 심장혈관흉부외과, 성형외과, 마취통증의학과, 산부인과, 소아청소년과, 안과, 이비인후과, 피부과, 비뇨의학과, 영상의학과, 방사선종양학과, 병리과, 진단검사의학과, 재활의학과, 가정의학과, 핵의학과, 직업환경의학과, 응급의학과, 예방의학과, 구강악안면외과, 치과보철과, 치과교정과, 소아치과, 치주과, 치과보존과"
충청북도,충청북도 충주시 안림로 239-50 (안림동),종합병원,230,85,294,"내과, 외과, 정형외과, 신경외과, 마취통증의학과, 산부인과, 소아청소년과, 안과, 이비인후과, 비뇨의학과, 영상의학과, 진단검사의학과, 재활의학과, 가정의학과, 직업환경의학과, 응급의학과, 예방의학과, 구강악안면외과, 치과교정과, 구강내과"
경기도,"경기도 시흥시 공단1대로 237 (정왕동, 센트럴 병원)",종합병원,249,66,259,"내과, 신경과, 외과, 정형외과, 신경외과, 마취통증의학과, 산부인과, 소아청소년과, 안과, 이비인후과, 비뇨의학과, 영상의학과, 진단검사의학과, 가정의학과, 직업환경의학과, 응급의학과, 치과보철과, 치과보존과"
경기도,경기도 수원시 팔달구 경수대로 437 (인계동),종합병원,317,66,240,"내과, 신경과, 외과, 정형외과, 신경외과, 마취통증의학과, 산부인과, 영상의학과, 진단검사의학과, 재활의학과, 응급의학과"
경기도,경기도 광주시 광주대로 45 (경안동),종합병원,388,73,293,"내과, 신경과, 정신건강의학과, 외과, 정형외과, 신경외과, 심장혈관흉부외과, 성형외과, 마취통증의학과, 산부인과, 소아청소년과, 이비인후과, 피부과, 비뇨의학과, 영상의학과, 진단검사의학과, 재활의학과, 가정의학과, 응급의학과, 구강악안면외과, 치과보철과"
경기도,경기도 군포시 산본로 321 (산본동),종합병원,253,55,200,"내과, 신경과, 정신건강의학과, 외과, 정형외과, 신경외과, 심장혈관흉부외과, 마취통증의학과, 산부인과, 소아청소년과, 안과, 이비인후과, 비뇨의학과, 영상의학과, 병리과, 진단검사의학과, 재활의학과, 가정의학과, 응급의학과, 구강악안면외과"
경기도,"경기도 성남시 수정구 수정로 76, 지하3~10층 (수진동)",종합병원,135,67,245,"내과, 신경과, 외과, 정형외과, 신경외과, 마취통증의학과, 산부인과, 소아청소년과, 영상의학과, 진단검사의학과, 재활의학과, 응급의학과"
경기도,경기도 성남시 중원구 산성대로476번길 12 (금광동),종합병원,113,51,200,"내과, 신경과, 외과, 정형외과, 신경외과, 마취통증의학과, 산부인과, 소아청소년과, 이비인후과, 비뇨의학과, 영상의학과, 병리과, 가정의학과, 응급의학과, 구강악안면외과, 치과보철과, 소아치과, 치주과, 치과보존과, 구강내과, 영상치의학과, 구강병리과, 예방치과"
경기도,경기도 구리시 경춘로 153 (교문동),종합병원,777,118,532,"내과, 신경과, 정신건강의학과, 외과, 정형외과, 신경외과, 심장혈관흉부외과, 성형외과, 마취통증의학과, 산부인과, 소아청소년과, 안과, 이비인후과, 피부과, 비뇨의학과, 영상의학과, 병리과, 진단검사의학과, 재활의학과, 핵의학과, 직업환경의학과, 응급의학과, 치과보철과"
경기도,"경기도 김포시 김포한강3로 283, 뉴고려병원 (장기동)",종합병원,357,89,299,"내과, 신경과, 정신건강의학과, 외과, 정형외과, 신경외과, 심장혈관흉부외과, 마취통증의학과, 산부인과, 소아청소년과, 비뇨의학과, 영상의학과, 진단검사의학과, 재활의학과, 가정의학과, 직업환경의학과, 응급의학과, 구강악안면외과"
경기도,"경기도 김포시 감암로 11, 김포우리병원 (걸포동)",종합병원,683,138,537,"내과, 신경과, 정신건강의학과, 외과, 정형외과, 신경외과, 심장혈관흉부외과, 마취통증의학과, 산부인과, 소아청소년과, 안과, 이비인후과, 비뇨의학과, 영상의학과, 병리과, 진단검사의학과, 재활의학과, 가정의학과, 핵의학과, 직업환경의학과, 응급의학과, 예방의학과, 치과보철과"
경기도,경기도 성남시 분당구 서현로180번길 20 (서현동),종합병원,760,147,516,"내과, 신경과, 정신건강의학과, 외과, 정형외과, 신경외과, 심장혈관흉부외과, 성형외과, 마취통증의학과, 산부인과, 소아청소년과, 안과, 이비인후과, 피부과, 비뇨의학과, 영상의학과, 방사선종양학과, 병리과, 진단검사의학과, 재활의학과, 가정의학과, 핵의학과, 응급의학과, 구강악안면외과, 치과보철과, 치과보존과"
경기도,경기도 성남시 분당구 새마을로177번길 81 (율동),종합병원,538,162,681,"내과, 신경과, 정신건강의학과, 외과, 정형외과, 신경외과, 심장혈관흉부외과, 성형외과, 마취통증의학과, 산부인과, 소아청소년과, 안과, 이비인후과, 피부과, 비뇨의학과, 영상의학과, 병리과, 진단검사의학과, 재활의학과, 핵의학과, 응급의학과, 구강악안면외과"
경기도,"경기도 성남시 분당구 구미로173번길 82 (구미동, 분당서울대학교병원)",종합병원,2987,364,1335,"내과, 신경과, 정신건강의학과, 외과, 정형외과, 신경외과, 심장혈관흉부외과, 성형외과, 마취통증의학과, 산부인과, 소아청소년과, 안과, 이비인후과, 피부과, 비뇨의학과, 영상의학과, 방사선종양학과, 병리과, 진단검사의학과, 재활의학과, 가정의학과, 핵의학과, 응급의학과, 구강악안면외과, 치과보철과, 치과교정과, 치주과, 치과보존과"
경기도,경기도 성남시 분당구 야탑로 59 (야탑동),종합병원,1744,269,881,"내과, 신경과, 정신건강의학과, 외과, 정형외과, 신경외과, 심장혈관흉부외과, 성형외과, 마취통증의학과, 산부인과, 소아청소년과, 안과, 이비인후과, 피부과, 비뇨의학과, 영상의학과, 방사선종양학과, 병리과, 진단검사의학과, 재활의학과, 가정의학과, 핵의학과, 응급의학과, 한방부인과, 침구과, 구강악안면외과, 치과교정과, 치주과, 치과보존과"
경기도,경기도 수원시 권선구 호매실로90번길 98 (호매실동),종합병원,123,56,220,"내과, 신경과, 정신건강의학과, 외과, 정형외과, 신경외과, 마취통증의학과, 산부인과, 소아청소년과, 이비인후과, 비뇨의학과, 영상의학과, 진단검사의학과, 가정의학과, 응급의학과"
경기도,"경기도 고양시 일산동구 일산로 100 (백석동,백석1동 1241외1필지 4층)",종합병원,1525,233,809,"내과, 신경과, 정신건강의학과, 외과, 정형외과, 신경외과, 심장혈관흉부외과, 성형외과, 마취통증의학과, 산부인과, 소아청소년과, 안과, 이비인후과, 피부과, 비뇨의학과, 영상의학과, 방사선종양학과, 병리과, 진단검사의학과, 재활의학과, 가정의학과, 핵의학과, 응급의학과, 구강악안면외과, 치과보철과, 치과교정과, 치주과, 치과보존과"
경기도,"경기도 고양시 덕양구 중앙로 555, /중앙로557번길 14, 지하1(일부),1-6층 (행신동)",종합병원,104,64,277,"내과, 신경과, 외과, 정형외과, 신경외과, 마취통증의학과, 산부인과, 영상의학과, 진단검사의학과, 재활의학과, 가정의학과, 한방내과, 한방재활의학과"
경기도,경기도 고양시 일산동구 일산로 323 (마두동),종합병원,1113,173,519,"내과, 신경과, 정신건강의학과, 외과, 정형외과, 신경외과, 심장혈관흉부외과, 마취통증의학과, 산부인과, 소아청소년과, 안과, 이비인후과, 피부과, 비뇨의학과, 영상의학과, 방사선종양학과, 병리과, 진단검사의학과, 재활의학과, 가정의학과, 핵의학과, 구강악안면외과"
경기도,"경기도 고양시 일산동구 동국로 27 (식사동, 동국대학교일산병원)",종합병원,852,176,566,"내과, 신경과, 정신건강의학과, 외과, 정형외과, 신경외과, 심장혈관흉부외과, 성형외과, 마취통증의학과, 산부인과, 소아청소년과, 안과, 이비인후과, 피부과, 비뇨의학과, 영상의학과, 방사선종양학과, 병리과, 진단검사의학과, 재활의학과, 가정의학과, 핵의학과, 응급의학과, 구강악안면외과"
경기도,경기도 고양시 일산서구 주화로 170 (대화동),종합병원,1037,120,551,"내과, 신경과, 정신건강의학과, 외과, 정형외과, 신경외과, 심장혈관흉부외과, 성형외과, 마취통증의학과, 산부인과, 소아청소년과, 안과, 이비인후과, 피부과, 비뇨의학과, 영상의학과, 방사선종양학과, 병리과, 진단검사의학과, 재활의학과, 가정의학과, 핵의학과, 응급의학과, 구강악안면외과, 치과보철과, 치과교정과, 통합치의학과"
서울특별시,"서울특별시 중구 을지로 245, 국립중앙의료원 (을지로6가)",종합병원,842,120,499,"내과, 신경과, 정신건강의학과, 외과, 정형외과, 신경외과, 심장혈관흉부외과, 성형외과, 마취통증의학과, 산부인과, 소아청소년과, 안과, 이비인후과, 피부과, 비뇨의학과, 영상의학과, 방사선종양학과, 병리과, 진단검사의학과, 재활의학과, 가정의학과, 핵의학과, 직업환경의학과, 응급의학과, 한방내과, 한방신경정신과, 침구과, 치과"
서울특별시,서울특별시 양천구 신정이펜1로 20 (신정동),종합병원,343,76,297,"내과, 신경과, 정신건강의학과, 외과, 정형외과, 심장혈관흉부외과, 마취통증의학과, 산부인과, 소아청소년과, 이비인후과, 비뇨의학과, 영상의학과, 병리과, 진단검사의학과, 재활의학과, 가정의학과, 응급의학과, 구강악안면외과"
경기도,"경기도 부천시 원미구 중동로 361, 다니엘종합병원 (약대동)",종합병원,132,60,193,"내과, 신경과, 외과, 정형외과, 신경외과, 심장혈관흉부외과, 마취통증의학과, 소아청소년과, 비뇨의학과, 영상의학과, 진단검사의학과, 가정의학과, 직업환경의학과, 응급의학과, 예방의학과, 치과보철과, 치주과, 치과보존과, 통합치의학과"
경기도,경기도 부천시 원미구 조마루로 170 (중동),종합병원,1465,220,829,"내과, 신경과, 정신건강의학과, 외과, 정형외과, 신경외과, 심장혈관흉부외과, 성형외과, 마취통증의학과, 산부인과, 소아청소년과, 안과, 이비인후과, 피부과, 비뇨의학과, 영상의학과, 방사선종양학과, 병리과, 진단검사의학과, 재활의학과, 가정의학과, 핵의학과, 직업환경의학과, 응급의학과, 구강악안면외과, 치과보철과"
경기도,"경기도 부천시 원미구 부천로 91, ,부흥로373번길18, 부흥로377(기존디에스병원A동) (심곡동)",종합병원,86,74,260,"내과, 신경과, 외과, 정형외과, 성형외과, 마취통증의학과, 소아청소년과, 비뇨의학과, 영상의학과, 진단검사의학과, 가정의학과, 직업환경의학과, 예방의학과, 치과교정과"
경기도,"경기도 부천시 원미구 소사로 327, 가톨릭대학교 부천성모병원 (소사동)",종합병원,1116,199,624,"내과, 신경과, 정신건강의학과, 외과, 정형외과, 신경외과, 심장혈관흉부외과, 성형외과, 마취통증의학과, 산부인과, 소아청소년과, 안과, 이비인후과, 피부과, 비뇨의학과, 영상의학과, 방사선종양학과, 병리과, 진단검사의학과, 재활의학과, 가정의학과, 핵의학과, 응급의학과, 구강악안면외과, 치과교정과"
경기도,"경기도 부천시 소사구 호현로489번길 28 (소사본동, 세종병원)",종합병원,583,75,301,"내과, 신경과, 정신건강의학과, 외과, 정형외과, 신경외과, 심장혈관흉부외과, 마취통증의학과, 산부인과, 소아청소년과, 이비인후과, 피부과, 비뇨의학과, 영상의학과, 병리과, 진단검사의학과, 재활의학과, 가정의학과, 응급의학과, 구강악안면외과, 치과보철과, 소아치과, 치주과, 치과보존과, 구강내과, 영상치의학과, 구강병리과, 예방치과"
경기도,"경기도 부천시 오정구 소사로 726, 지하4층~지상5층 (원종동)",종합병원,135,36,135,"내과, 신경과, 외과, 정형외과, 신경외과, 마취통증의학과, 산부인과, 비뇨의학과, 영상의학과, 진단검사의학과, 가정의학과, 구강내과, 통합치의학과"
충청북도,"충청북도 청주시 서원구 1순환로 776-0 (개신동,충북대학교병원)",종합병원,864,210,804,"내과, 신경과, 정신건강의학과, 외과, 정형외과, 신경외과, 심장혈관흉부외과, 성형외과, 마취통증의학과, 산부인과, 소아청소년과, 안과, 이비인후과, 피부과, 비뇨의학과, 영상의학과, 방사선종양학과, 병리과, 진단검사의학과, 재활의학과, 가정의학과, 핵의학과, 직업환경의학과, 응급의학과, 구강악안면외과, 치과보철과, 치주과"
경기도,경기도 화성시 향남읍 발안로 5,종합병원,84,33,139,"내과, 외과, 정형외과, 신경외과, 마취통증의학과, 소아청소년과, 이비인후과, 영상의학과, 진단검사의학과"
충청북도,충청북도 청주시 흥덕구 2순환로 1262 (가경동),종합병원,172,144,447,"내과, 정신건강의학과, 외과, 정형외과, 신경외과, 심장혈관흉부외과, 마취통증의학과, 산부인과, 소아청소년과, 이비인후과, 비뇨의학과, 영상의학과, 진단검사의학과, 재활의학과, 가정의학과, 직업환경의학과, 응급의학과, 예방의학과, 구강악안면외과, 치과보철과"
경기도,"경기도 안성시 남파로 95, 경기도의료원 안성병원 (당왕동)",종합병원,169,69,201,"내과, 신경과, 외과, 정형외과, 마취통증의학과, 산부인과, 소아청소년과, 이비인후과, 비뇨의학과, 영상의학과, 진단검사의학과, 재활의학과, 가정의학과, 응급의학과, 치과교정과"
경기도,경기도 안성시 시장길 58 (서인동),종합병원,61,51,208,"내과, 신경과, 외과, 정형외과, 신경외과, 마취통증의학과, 산부인과, 비뇨의학과, 영상의학과, 진단검사의학과, 가정의학과, 직업환경의학과, 응급의학과"
충청북도,충청북도 진천군 진천읍 중앙북로 36,종합병원,63,54,241,"내과, 신경과, 외과, 정형외과, 신경외과, 마취통증의학과, 산부인과, 소아청소년과, 영상의학과, 진단검사의학과, 가정의학과, 응급의학과"
경기도,경기도 안산시 단원구 적금로 123 (고잔동),종합병원,1488,199,766,"내과, 신경과, 정신건강의학과, 외과, 정형외과, 신경외과, 심장혈관흉부외과, 성형외과, 마취통증의학과, 산부인과, 소아청소년과, 안과, 이비인후과, 피부과, 비뇨의학과, 영상의학과, 방사선종양학과, 병리과, 진단검사의학과, 재활의학과, 가정의학과, 핵의학과, 직업환경의학과, 응급의학과, 구강악안면외과, 치과보철과, 치과교정과, 치과보존과"
경기도,"경기도 안산시 상록구 구룡로 87, 근로복지공단안산병원 (일동)",종합병원,311,105,380,"내과, 신경과, 정신건강의학과, 외과, 정형외과, 신경외과, 마취통증의학과, 산부인과, 소아청소년과, 비뇨의학과, 영상의학과, 진단검사의학과, 재활의학과, 직업환경의학과, 응급의학과, 구강악안면외과, 치과보철과, 치과교정과, 소아치과, 치주과, 치과보존과, 구강내과, 영상치의학과, 구강병리과"
경기도,"경기도 안산시 상록구 예술광장로 69, 사랑의병원(593-4번지/593-5번지) (성포동)",종합병원,271,57,220,"내과, 신경과, 정신건강의학과, 외과, 정형외과, 신경외과, 성형외과, 마취통증의학과, 산부인과, 소아청소년과, 안과, 이비인후과, 피부과, 비뇨의학과, 영상의학과, 진단검사의학과, 재활의학과, 가정의학과, 직업환경의학과, 응급의학과, 예방의학과, 예방치과"
경기도,경기도 안산시 단원구 선부광장로 103 (선부동),종합병원,285,82,299,"내과, 신경과, 외과, 정형외과, 신경외과, 심장혈관흉부외과, 마취통증의학과, 산부인과, 소아청소년과, 안과, 이비인후과, 비뇨의학과, 영상의학과, 진단검사의학과, 재활의학과, 가정의학과, 직업환경의학과, 응급의학과, 통합치의학과"
경기도,경기도 남양주시 진접읍 봉현로 21,종합병원,314,118,402,"내과, 신경과, 정신건강의학과, 외과, 정형외과, 신경외과, 심장혈관흉부외과, 마취통증의학과, 산부인과, 소아청소년과, 이비인후과, 비뇨의학과, 영상의학과, 병리과, 진단검사의학과, 재활의학과, 응급의학과, 치주과"
경기도,"경기도 시흥시 복지로 57, 복지로 61, 2층 (대야동)",종합병원,157,38,140,"내과, 신경과, 정신건강의학과, 외과, 정형외과, 신경외과, 마취통증의학과, 산부인과, 소아청소년과, 영상의학과, 진단검사의학과, 가정의학과, 직업환경의학과, 응급의학과, 치과, 치주과"
경기도,경기도 수원시 장안구 수성로245번길 69 (정자동),종합병원,179,53,167,"내과, 신경과, 정신건강의학과, 외과, 정형외과, 마취통증의학과, 산부인과, 소아청소년과, 안과, 영상의학과, 진단검사의학과, 재활의학과, 가정의학과, 직업환경의학과, 응급의학과, 구강악안면외과, 치과보철과, 소아치과, 치주과, 치과보존과, 영상치의학과, 예방치과, 통합치의학과"
경기도,경기도 수원시 팔달구 중부대로 93 (지동),종합병원,1367,250,857,"내과, 신경과, 정신건강의학과, 외과, 정형외과, 신경외과, 심장혈관흉부외과, 성형외과, 마취통증의학과, 산부인과, 소아청소년과, 안과, 이비인후과, 피부과, 비뇨의학과, 영상의학과, 방사선종양학과, 병리과, 진단검사의학과, 재활의학과, 가정의학과, 핵의학과, 응급의학과, 구강악안면외과, 치과보철과, 치과교정과, 치과보존과"
경기도,"경기도 군포시 군포로 591 (당동, (G샘병원)군포샘병원)",종합병원,475,93,388,"내과, 신경과, 정신건강의학과, 외과, 정형외과, 신경외과, 심장혈관흉부외과, 마취통증의학과, 산부인과, 소아청소년과, 안과, 이비인후과, 비뇨의학과, 영상의학과, 방사선종양학과, 병리과, 진단검사의학과, 재활의학과, 가정의학과, 핵의학과, 직업환경의학과, 응급의학과, 한방내과, 구강악안면외과"
경기도,경기도 수원시 팔달구 중부대로 165 (우만동),종합병원,308,109,363,"내과, 신경과, 정신건강의학과, 외과, 정형외과, 신경외과, 심장혈관흉부외과, 성형외과, 마취통증의학과, 산부인과, 소아청소년과, 안과, 이비인후과, 피부과, 비뇨의학과, 영상의학과, 병리과, 진단검사의학과, 재활의학과, 가정의학과, 직업환경의학과, 응급의학과, 통합치의학과"
경기도,"경기도 시흥시 군자천로 381, 시화병원 (정왕동)",종합병원,661,149,498,"내과, 신경과, 정신건강의학과, 외과, 정형외과, 신경외과, 심장혈관흉부외과, 성형외과, 마취통증의학과, 산부인과, 소아청소년과, 영상의학과, 병리과, 진단검사의학과, 재활의학과, 가정의학과, 직업환경의학과, 응급의학과, 예방의학과, 통합치의학과"
경기도,경기도 남양주시 오남읍 양지로 47-55,종합병원,137,106,299,"내과, 신경과, 외과, 정형외과, 신경외과, 심장혈관흉부외과, 성형외과, 마취통증의학과, 산부인과, 이비인후과, 비뇨의학과, 영상의학과, 진단검사의학과, 응급의학과, 구강악안면외과, 치과보철과, 치과교정과, 소아치과, 치주과, 치과보존과, 구강내과, 영상치의학과, 구강병리과, 예방치과, 통합치의학과"
경기도,"경기도 안산시 단원구 원포공원1로 20, 동의성단원병원 (초지동)",종합병원,315,89,321,"내과, 신경과, 정신건강의학과, 외과, 정형외과, 신경외과, 심장혈관흉부외과, 마취통증의학과, 산부인과, 소아청소년과, 안과, 피부과, 비뇨의학과, 영상의학과, 병리과, 진단검사의학과, 재활의학과, 가정의학과, 직업환경의학과, 통합치의학과"
서울특별시,서울특별시 금천구 시흥대로 244 (시흥동),종합병원,120,38,174,"내과, 외과, 정형외과, 신경외과, 심장혈관흉부외과, 마취통증의학과, 산부인과, 영상의학과, 진단검사의학과, 가정의학과, 응급의학과"
서울특별시,서울특별시 동작구 흑석로 102 (흑석동),종합병원,1319,191,727,"내과, 신경과, 정신건강의학과, 외과, 정형외과, 신경외과, 심장혈관흉부외과, 성형외과, 마취통증의학과, 산부인과, 소아청소년과, 안과, 이비인후과, 피부과, 비뇨의학과, 영상의학과, 방사선종양학과, 병리과, 진단검사의학과, 재활의학과, 가정의학과, 핵의학과, 응급의학과, 구강악안면외과, 치과보철과, 치과교정과, 치과보존과"
서울특별시,서울특별시 동작구 보라매로5길 20 (신대방동),종합병원,1071,207,765,"내과, 신경과, 정신건강의학과, 외과, 정형외과, 신경외과, 심장혈관흉부외과, 성형외과, 마취통증의학과, 산부인과, 소아청소년과, 안과, 이비인후과, 피부과, 비뇨의학과, 영상의학과, 방사선종양학과, 병리과, 진단검사의학과, 재활의학과, 가정의학과, 핵의학과, 직업환경의학과, 응급의학과, 구강악안면외과, 치과보철과, 치과교정과, 치주과, 치과보존과"
서울특별시,"서울특별시 구로구 구로동로 148, 고려대부속구로병원 (구로동)",종합병원,1961,284,985,"내과, 신경과, 정신건강의학과, 외과, 정형외과, 신경외과, 심장혈관흉부외과, 성형외과, 마취통증의학과, 산부인과, 소아청소년과, 안과, 이비인후과, 피부과, 비뇨의학과, 영상의학과, 방사선종양학과, 병리과, 진단검사의학과, 재활의학과, 가정의학과, 핵의학과, 응급의학과, 구강악안면외과, 치과보철과, 치과교정과, 치주과, 치과보존과, 예방치과"
서울특별시,"서울특별시 구로구 경인로 427, 구로성심병원 (고척동)",종합병원,192,47,202,"내과, 신경과, 외과, 정형외과, 신경외과, 심장혈관흉부외과, 성형외과, 마취통증의학과, 산부인과, 이비인후과, 비뇨의학과, 영상의학과, 병리과, 직업환경의학과, 응급의학과"
서울특별시,"서울특별시 성북구 고려대로 73, 고려대병원 (안암동5가)",종합병원,1933,270,970,"내과, 신경과, 정신건강의학과, 외과, 정형외과, 신경외과, 심장혈관흉부외과, 성형외과, 마취통증의학과, 산부인과, 소아청소년과, 안과, 이비인후과, 피부과, 비뇨의학과, 영상의학과, 방사선종양학과, 병리과, 진단검사의학과, 재활의학과, 가정의학과, 핵의학과, 응급의학과, 구강악안면외과, 치과보철과, 치과교정과, 치주과, 치과보존과"
서울특별시,"서울특별시 송파구 올림픽로43길 88, 서울아산병원 (풍납동)",종합병원,5802,1000,2432,"내과, 신경과, 정신건강의학과, 외과, 정형외과, 신경외과, 심장혈관흉부외과, 성형외과, 마취통증의학과, 산부인과, 소아청소년과, 안과, 이비인후과, 피부과, 비뇨의학과, 영상의학과, 방사선종양학과, 병리과, 진단검사의학과, 재활의학과, 가정의학과, 핵의학과, 응급의학과, 구강악안면외과, 치과보철과, 치과교정과, 소아치과, 치주과, 치과보존과"
서울특별시,"서울특별시 송파구 송이로 123, 국립경찰병원 (가락동)",종합병원,336,98,377,"내과, 신경과, 정신건강의학과, 외과, 정형외과, 신경외과, 심장혈관흉부외과, 성형외과, 마취통증의학과, 산부인과, 소아청소년과, 안과, 이비인후과, 피부과, 비뇨의학과, 영상의학과, 병리과, 진단검사의학과, 재활의학과, 가정의학과, 응급의학과, 치과보철과, 치주과"
서울특별시,서울특별시 종로구 대학로 101 (연건동),종합병원,3708,562,1791,"내과, 신경과, 정신건강의학과, 외과, 정형외과, 신경외과, 심장혈관흉부외과, 성형외과, 마취통증의학과, 산부인과, 소아청소년과, 안과, 이비인후과, 피부과, 비뇨의학과, 영상의학과, 방사선종양학과, 병리과, 진단검사의학과, 재활의학과, 가정의학과, 핵의학과, 응급의학과, 치과"
서울특별시,서울특별시 종로구 통일로 256 (무악동),종합병원,166,65,204,"내과, 신경과, 외과, 정형외과, 신경외과, 마취통증의학과, 산부인과, 소아청소년과, 안과, 비뇨의학과, 영상의학과, 진단검사의학과, 가정의학과, 응급의학과, 치과"
서울특별시,서울특별시 양천구 안양천로 1071 (목동),종합병원,1358,206,653,"내과, 신경과, 정신건강의학과, 외과, 정형외과, 신경외과, 심장혈관흉부외과, 성형외과, 마취통증의학과, 산부인과, 소아청소년과, 안과, 이비인후과, 피부과, 비뇨의학과, 영상의학과, 방사선종양학과, 병리과, 진단검사의학과, 재활의학과, 가정의학과, 핵의학과, 직업환경의학과, 응급의학과, 구강악안면외과, 치과보철과, 치과교정과, 소아치과, 치주과, 치과보존과"
서울특별시,"서울특별시 양천구 목동로 225, 홍익병원본관 (신정동)",종합병원,248,75,260,"내과, 신경과, 정신건강의학과, 외과, 정형외과, 신경외과, 성형외과, 마취통증의학과, 산부인과, 소아청소년과, 안과, 이비인후과, 비뇨의학과, 영상의학과, 진단검사의학과, 가정의학과, 응급의학과, 치과"
서울특별시,서울특별시 종로구 새문안로 29 (평동),종합병원,946,179,720,"내과, 신경과, 정신건강의학과, 외과, 정형외과, 신경외과, 심장혈관흉부외과, 성형외과, 마취통증의학과, 산부인과, 소아청소년과, 안과, 이비인후과, 피부과, 비뇨의학과, 영상의학과, 방사선종양학과, 병리과, 진단검사의학과, 재활의학과, 가정의학과, 핵의학과, 직업환경의학과, 응급의학과, 구강악안면외과, 치과보철과, 치과교정과, 치주과, 치과보존과"
서울특별시,서울특별시 용산구 대사관로 59 (한남동),종합병원,1280,164,690,"내과, 신경과, 정신건강의학과, 외과, 정형외과, 신경외과, 심장혈관흉부외과, 성형외과, 마취통증의학과, 산부인과, 소아청소년과, 안과, 이비인후과, 피부과, 비뇨의학과, 영상의학과, 방사선종양학과, 병리과, 진단검사의학과, 재활의학과, 가정의학과, 핵의학과, 직업환경의학과, 응급의학과, 예방의학과, 구강악안면외과, 치과보철과, 치과교정과, 소아치과, 치주과, 치과보존과, 구강내과, 영상치의학과, 구강병리과, 예방치과"
서울특별시,서울특별시 은평구 통일로 873 (갈현동),종합병원,167,58,205,"내과, 신경과, 외과, 정형외과, 마취통증의학과, 소아청소년과, 비뇨의학과, 영상의학과, 진단검사의학과, 응급의학과"
서울특별시,"서울특별시 영등포구 여의대방로53길 22 (신길동, 성애병원)",종합병원,300,92,258,"내과, 신경과, 정신건강의학과, 외과, 정형외과, 신경외과, 성형외과, 마취통증의학과, 산부인과, 소아청소년과, 안과, 이비인후과, 피부과, 비뇨의학과, 영상의학과, 병리과, 진단검사의학과, 재활의학과, 가정의학과, 응급의학과, 구강악안면외과, 치과보철과, 치주과, 치과보존과"
서울특별시,서울특별시 중랑구 신내로 156 (신내동),종합병원,997,176,651,"내과, 신경과, 정신건강의학과, 외과, 정형외과, 신경외과, 심장혈관흉부외과, 성형외과, 마취통증의학과, 산부인과, 소아청소년과, 안과, 이비인후과, 피부과, 비뇨의학과, 영상의학과, 병리과, 진단검사의학과, 재활의학과, 가정의학과, 핵의학과, 직업환경의학과, 응급의학과, 침구과, 구강악안면외과, 치과보철과, 치과보존과"
서울특별시,"서울특별시 서대문구 연희로 272, 동신병원 본관동 (홍은동)",종합병원,115,59,205,"내과, 신경과, 외과, 정형외과, 신경외과, 마취통증의학과, 산부인과, 비뇨의학과, 영상의학과, 병리과, 가정의학과, 응급의학과"
서울특별시,서울특별시 서대문구 연세로 50-1 (신촌동),종합병원,4837,820,2173,"내과, 신경과, 정신건강의학과, 외과, 정형외과, 신경외과, 심장혈관흉부외과, 성형외과, 마취통증의학과, 산부인과, 소아청소년과, 안과, 이비인후과, 피부과, 비뇨의학과, 영상의학과, 방사선종양학과, 병리과, 진단검사의학과, 재활의학과, 가정의학과, 핵의학과, 직업환경의학과, 응급의학과, 구강악안면외과"
서울특별시,"서울특별시 강서구 공항대로 260, 이화의대부속서울병원 (마곡동)",종합병원,1743,418,870,"내과, 신경과, 정신건강의학과, 외과, 정형외과, 신경외과, 심장혈관흉부외과, 성형외과, 마취통증의학과, 산부인과, 소아청소년과, 안과, 이비인후과, 피부과, 비뇨의학과, 영상의학과, 방사선종양학과, 병리과, 진단검사의학과, 재활의학과, 가정의학과, 핵의학과, 직업환경의학과, 응급의학과, 구강악안면외과, 치과보철과, 치과보존과, 통합치의학과"
서울특별시,서울특별시 성동구 왕십리로 382 (하왕십리동),종합병원,93,32,103,"내과, 외과, 성형외과, 마취통증의학과, 소아청소년과, 영상의학과, 진단검사의학과, 응급의학과"
경기도,"경기도 의정부시 동일로 712, 을지대학교 의정부캠퍼스 및 부속병원 (금오동)",종합병원,863,182,599,"내과, 신경과, 정신건강의학과, 외과, 정형외과, 신경외과, 심장혈관흉부외과, 성형외과, 마취통증의학과, 산부인과, 소아청소년과, 안과, 이비인후과, 피부과, 비뇨의학과, 영상의학과, 방사선종양학과, 병리과, 진단검사의학과, 재활의학과, 가정의학과, 핵의학과, 응급의학과, 구강악안면외과, 치과보철과, 치과교정과, 치주과"
전북특별자치도,전북특별자치도 전주시 덕진구 안덕원로 367 (산정동),종합병원,64,80,278,"내과, 신경과, 외과, 정형외과, 신경외과, 마취통증의학과, 산부인과, 영상의학과, 진단검사의학과, 재활의학과, 가정의학과"
전북특별자치도,전북특별자치도 전주시 덕진구 건지로 20 (금암동),종합병원,1505,275,1100,"내과, 신경과, 정신건강의학과, 외과, 정형외과, 신경외과, 심장혈관흉부외과, 성형외과, 마취통증의학과, 산부인과, 소아청소년과, 안과, 이비인후과, 피부과, 비뇨의학과, 영상의학과, 방사선종양학과, 병리과, 진단검사의학과, 재활의학과, 가정의학과, 핵의학과, 응급의학과, 구강악안면외과, 치과보철과, 치과교정과, 소아치과, 치주과, 치과보존과, 구강내과, 영상치의학과"
전북특별자치도,"전북특별자치도 전주시 완산구 서원로 365 (중화산동1가, 예수병원)",종합병원,795,219,722,"내과, 신경과, 정신건강의학과, 외과, 정형외과, 신경외과, 심장혈관흉부외과, 마취통증의학과, 산부인과, 소아청소년과, 안과, 이비인후과, 피부과, 비뇨의학과, 영상의학과, 방사선종양학과, 병리과, 진단검사의학과, 재활의학과, 가정의학과, 핵의학과, 응급의학과, 치과"
전북특별자치도,"전북특별자치도 전주시 완산구 한두평3길 13 (중화산동2가, 전주병원)",종합병원,123,78,287,"내과, 신경과, 정신건강의학과, 외과, 정형외과, 신경외과, 성형외과, 마취통증의학과, 산부인과, 소아청소년과, 비뇨의학과, 영상의학과, 진단검사의학과, 재활의학과, 가정의학과, 직업환경의학과, 응급의학과"
전북특별자치도,"전북특별자치도 전주시 덕진구 견훤로 390 (우아동3가,(우아동3가))",종합병원,177,154,543,
경기도,경기도 용인시 처인구 금령로39번길 8-6(김량장동),종합병원,228,67,255,"내과, 신경과, 외과, 정형외과, 신경외과, 심장혈관흉부외과, 마취통증의학과, 산부인과, 소아청소년과, 이비인후과, 비뇨의학과, 영상의학과, 진단검사의학과, 재활의학과, 가정의학과, 직업환경의학과, 응급의학과, 치과보철과"
경상북도,경상북도 구미시 신시로10길 12 (형곡동),종합병원,431,113,439,"내과,외과,정형외과,신경외과,성형외과.산부인과,소아청소년과,안과,이비인후과,비뇨기과,마취과,영상의학과,진단검사의학과,직업환경의학과,가정의학과,치과,흉부외과,응급의학과,신경과,피부과,병리과,정신건강의학과"
광주광역시,광주광역시 북구 북문대로 191 (운암동),종합병원,108,67,268,"내과, 정형외과, 신경외과, 외과, 영상의학과, 비뇨기과, 마취통증의학과, 응급의학과, 소아청소년과, 진단검사의학과 (10개과)"
전라남도,전라남도 영광군 영광읍 와룡로 3,종합병원,175,95,323,"내과, 신경과, 외과, 정형외과, 신경외과, 마취통증의학과, 산부인과, 소아청소년과, 영상의학과, 진단검사의학과, 응급의학과, 치과"
전라남도,"전라남도 나주시 영산로 5419, 나주종합병원층 (성북동,나주종합병원)",종합병원,109,57,203,"내과, 신경과, 외과, 정형외과, 신경외과, 마취통증의학과, 산부인과, 영상의학과, 진단검사의학과, 응급의학과"
전라남도,전라남도 영광군 영광읍 신남로 265,종합병원,65,68,236,"내과, 외과, 정형외과, 신경외과, 마취통증의학과, 산부인과, 소아청소년과, 영상의학과,진단검사의학과,안과"
전라남도,"전라남도 목포시 이로로 18,  (용해동)층 (용해동)",종합병원,138,89,330,
충청남도,충청남도 아산시 문화로 381 (모종동),종합병원,367,153,544,"(16개 과목)
내과, 신경외과, 정형외과, 외과, 산부인과, 마취통증의학과, 영상의학과, 치과, 직업환경의학과,  병리과, 신경과, 비뇨기과, 소아청소년과, 가정의학과, 응급의학과, 재활의학과"
충청남도,충청남도 천안시 서북구 다가말3길 8 (쌍용동),종합병원,417,88,413,"(21개과목) 내과, 신경외과, 정형외과,외과, 산부인과, 마취통증학과, 영상의학과, 치과, 직업환환의학과, 진담감사의학과, 신경과, 비뇨기과, 소아청소년과, 가정의학과, 응급의학과, 안과, 성형외과, 한방내과, 정신과"
전라남도,전라남도 무안군 무안읍 몽탄로 65,종합병원,96,76,312,"내과,신경과,정신건강의학과,외과,정형외과,신경외과,흉부외과,성형외과,마취통증의학과,산부인과,소아청소년과,안과,이비인후과,영상의학과,진단검사의학과,재활의학과,가정의학과,응급의학과,치과"
경상북도,경상북도 상주시 상서문로 53 (남성동),종합병원,166,56,233,"내과,외과,정형외과,신경외과,마취통증의학과,산부인과,소아청소년과,이비인후과,비뇨기과,영상의학과,진단검사의학과,신경과,가정의학과"
전라남도,전라남도 해남군 옥천면 해남로 597,종합병원,135,122,503,"내과,신경과,정신건강의학과,외과, 정형외과,마취통증의학과,영상의학과,재활의학과,가정의학과,응급의학과,비뇨기과,소아청소년과"
경상북도,경상북도 경산시 경안로 11 (백천동),종합병원,179,96,438,"내과,외과,신경외과,정형외과,소아청소년과,정신건강의학과,신경과,안과,비뇨기과,진단검사의학과,영상의학과,마취통증의학과,치주과,응급의학과,이비인후과,산부인과"
제주특별자치도,"제주특별자치도 서귀포시 장수로 47, (동홍동)층 (동홍동)",종합병원,291,95,337,
경상북도,경상북도 문경시 당교3길 25 (모전동),종합병원,196,236,740,"내과,외과,정형외과,산부인과,소아청소년과,마취통증의학과,영상의학과,병리과,치과,성형외과,비뇨기과,흉부외과,이비인후과,정신과,가정의학과,산업의학과,안과,신경과,신경외과"
경상북도,경상북도 경주시 동대로 87 (석장동),종합병원,492,114,377,"내과, 정신과, 외과, 정형외과, 신경외과, 흉부외과, 산부인과, 소아과, 안과, 이비인후과, 비뇨기과, 마취통증의학과, 진단방사선과, 진단검사의학과, 병리과, 가정의학과, 피부과, 치과, 성형외과, 신경과, 재활의학과, 핵의학과, 산업의학과, 응급의학과, 방사선종양학과"
전라남도,전라남도 목포시 영산로 623 (석현동),종합병원,229,120,400,"내과, 외과, 정형외과, 신경외과, 흉부외과, 마취통증의학과, 산부인과, 소아청소년과, 이비인후과, 비뇨기과, 진단검사의학과, 병리과, 재활의학과, 신경과, 안과, 치과, 정신건강의학과, 영상의학과, 직업환경의학과, 응급의학과"
광주광역시,광주광역시 서구 월드컵4강로 223 (쌍촌동),종합병원,143,99,313,"내과, 외과, 정형외과, 신경외과, 진단검사의학과, 영상의학과, 마취통증의학과, 흉부외과, 소아청소년과, 응급의학과, 비뇨기과 ,신경과(12개과)"
경상북도,"경상북도 영주시 대학로 327-0, 영주적십자병원층 (가흥동,영주적십자병원)",종합병원,112,54,173,
경상북도,"경상북도 포항시 북구 용흥로 36,  (용흥동)층 (용흥동)",종합병원,159,83,323,
경상북도,경상북도 안동시 태사2길 55 (북문동),종합병원,150,85,289,"내과,외과,정형외과,산부인과,신경과,이비인후과,피부과,마취통증의학과,영상의학과,치과,신경외과,비뇨기과,진단검사의학과,안과,응급의학과,가정의학과,성형외과"
광주광역시,광주광역시 광산구 첨단중앙로170번길 59 (쌍암동),종합병원,284,148,540,"내과, 외과, 산부인과, 영상의학과, 마취통증의학과, 진단검사의학과, 정형외과, 신경외과, 흉부외과, 이비인후과, 정신과, 재활의학과, 비뇨기과, 소아청소년과, 응급의학과, 가정의학과, 신경과, 치과, 안과, 성형외과, 핵의학과 (21개과)"
전라남도,"전라남도 장흥군 장흥읍 흥성로 74, 74층",종합병원,62,55,206,
강원특별자치도,"강원특별자치도 원주시 서원대로 387,  (개운동)층 (개운동)",종합병원,230,92,298,
전라남도,전라남도 고흥군 고흥읍 고흥로 1935,종합병원,44,84,293,
충청남도,충청남도 논산시 시민로294번길 14 (취암동),종합병원,270,121,552,"내과,외과,소아청소년과, 정형외과,마취통증의학과, 전신건강의학과, 신경외과, 치과, 안과, 비뇨기과, 진단검사의학과, 영상의학과, 이비인후과, 
산부인과, 가정의학과, 신경과, 재활의학과, 직업환경의학과, 흉부외과(19개 과목)"
충청남도,충청남도 천안시 동남구 충절로 537 (삼룡동),종합병원,245,91,325,"내과, 외과, 산부인과, 소아청소년과, 정형외과, 치과, 영상의학과, 진단검사의학과, 마취통증의학과, 신경과, 응급의학과, 가정의학과, 병리과, 재활의학과,신경외과(계 15개 과목)"
인천광역시,인천광역시 부평구 무네미로 446 (구산동),종합병원,178,290,1320,"내과,소아과, 외과, 정형외과, 신경외과, 정신과, 비뇨기과, 산부인과, 마취통증의학과, 진단방사선과,
진단검사의학과, 치과, 재활의학과, 신경과, 가정의학과,산업의학과(총16개과목)"
충청남도,충청남도 보령시 죽성로 136 (죽정동),종합병원,112,77,256,"내과, 외과, 소아청소년과, 산부인과, 정형외과, 영상의학과, 마취통증의학과, 진단검사의학과, 신경과, 비뇨기과, 가정의학과, 응급의학과"
전라남도,전라남도 순천시 장명로 5 (장천동),종합병원,75,66,234,
전라남도,전라남도 순천시 기적의도서관1길 3 (조례동),종합병원,87,63,229,"내과,외과,정형외과,신경외과,마취통증의학과,산부인과,비뇨기과,영상의학과,진단검사의학과,직업환경의학과"
광주광역시,광주광역시 광산구 임방울대로 370 (수완동),종합병원,109,56,208,"내과, 외과, 정형외과, 신경외과, 영상의학과, 흉부외과, 소아청소년과, 마취통증의학과,재활의학과,비뇨기과,피부과,진단검사의학과,응급의학과(13개과)"
충청남도,충청남도 서산시 중앙로 149 (석림동),종합병원,231,91,320,"내과, 일반외과,소아과,산부인과,정형외과,치과,임상병리과,방사선과,마취과,이비인후과,정신과,신경과,비뇨기과,안과"
경상북도,경상북도 포항시 북구 대신로 43 (대신동),종합병원,200,102,337,"내과, 외과, 소아과, 산부인과, 진단방사선과, 마취통증의학과, 치과, 진단검사의학과, 정형외과, 신경외과, 이비인후과, 병리과, 안과, 성형외과, 신경과, 정신과, 피부과, 비뇨기과, 가정의학과, 흉부외과, 산업의학과, 재활의학과,응급의하과"
광주광역시,광주광역시 광산구 왕버들로 220 (수완동),종합병원,223,75,321,"내과, 외과, 정형외과, 신경외과, 흉부외과, 가정의학과, 이비인후과, 영상의학과, 응급의학과, 마취통증의학과, 소아청소년과, 신경과, 진단검사의학과
산부인과, 작업환경의학과"
전라남도,전라남도 순천시 순광로 221 (조례동),종합병원,668,191,607,"내과, 신경과, 정신건강의학과, 외과, 정형외과, 신경외과, 흉부외과, 성형외과, 마취통증의학과, 산부인과, 소아청소년과, 안과, 이비인후과, 피부과, 비뇨기과, 영상의학과, 방사선종양학과, 병리과, 진단검사의학과, 재활의학과, 가정의학과, 핵의학과, 응급의학과, 치과"
경상북도,경상북도 구미시 인동20길 46 (진평동),종합병원,140,58,239,"신경외과,정형외과,내과,영상의학과,소아청소년과,외과,마취통증의학과,병리과,성형외과,이비인후과,신경과,가정의학과,산업의학과,산부인과,응급의학과,치과,정신과"
경상북도,경상북도 안동시 앙실로 11 (수상동),종합병원,665,342,1115,"내과,외과,소아청소년과,산부인과,정형외과,신경외과,이비인후과,정신건강의학과,치과,영상의학과,마취통증의학과,진단검사의학과,병리과,비뇨기과,안과,성형외과,흉부외과,가정의학과,신경과,피부과,재활의학과,산업의학과,응급의학과,방사선종양학과"
경상북도,경상북도 안동시 서동문로 99 (금곡동),종합병원,297,171,670,"내과, 외과, 산부인과, 소아과, 정형외과, 신경외과, 치과, 안과, 이비인후과, 비뇨기과, 진단방사선과, 마취통증의학과, 진단검사의학과, 성형외과, 병리과, 가정의학과, 흉부외과, 신경과, 응급의학과, 정신건강의학과, 산업의학과, 예방의학과, 재활의학과"
경상북도,경상북도 김천시 신음1길 12 (신음동),종합병원,119,90,346,"내과,외과,소아청소년과,산부인과,정형외과,신경외과,마취통증의학과,영상의학과,흉부외과,피부과,이비인후과,비뇨기과,성형외과재활의학과,안과,진단검사의학과,가정의학과,응급의학과,신경과"
인천광역시,"인천광역시 서구 완정로 199, 199층 (왕길동)",종합병원,128,44,241,
광주광역시,광주광역시 서구 금화로59번길 6 (금호동),종합병원,86,60,172,"내과, 외과, 정형외과, 영상의학과, 소아청소년과, 신경외과, 비뇨기과, 신경과, 진단검사의학과, 마취통증의학과, 응급의학과 , 산부인과, 흉부외과, 정신건강의학과(14개과)"
광주광역시,광주광역시 남구 대남대로 238 (백운동),종합병원,198,72,315,"내과, 외과, 정형외과, 신경외과, 마취통증의학과, 영상의학과, 진단검사의학과, 산부인과, 응급의학과 (9개과)"
광주광역시,광주광역시 북구 하서로 429 (용두동),종합병원,102,61,222,"내과, 신경외과, 신경과, 정형외과, 재활의학과, 소아청소년과, 영상의학과, 마취통증의학과, 외과, 진단검사의학과, 비뇨기과, 응급의학과, 가정의학과(13개과)"
광주광역시,광주광역시 광산구 용아로 259 (산정동),종합병원,158,99,316,"내과,외과,정형외과,신경외과,신경내과,치과,소아과,진단방사선과,마취통증의학과,산부인과,재활의학과,이비인후과,진단검사의학과, 비뇨기과, 안과, 응급의학과"
충청남도,충청남도 당진시 반촌로 5-15 (시곡동),종합병원,155,82,302,"신경외과, 영상의학과, 내과, 외과, 소아청소년과, 정형외과, 마취통증의학과, 진단검사의학과, 응급의학과, 신경과, 비뇨기과 (계 11과목)"
전라남도,전라남도 목포시 백년대로 303 (상동),종합병원,228,109,417,"내과, 외과, 정형외과, 신경외과, 영상의학과, 산부인과, 진단검사의학과, 가정의학과, 마취통증의학과, 응급의학과, 신경과, 흉부외과, 정신과, 소아청소년과, 산업의학과, 재활의학과, 치과"
전라남도,전라남도 목포시 영산로 483 (상동),종합병원,536,183,657,"내과,외과,정형외과,신경외과,마취통증의학과,소아청소년과,영상의학과,산부인과,진단검사의학과,정신건강의학과,재활의학과,응급의학과,비뇨기과,흉부외과,이비인후과,직업환경의학과,신경과,병리과,치과,가정의학과"
경상북도,경상북도 김천시 모암길 24 (모암동),종합병원,278,84,325,"내과,외과,산부인과,이비인후과,가정의학과,소아청소년과,정형외과,신경외과,마취통증의학과,영상의학과,진단검사의학과,성형외과,안과,비뇨기과,재활의학과,"
광주광역시,광주광역시 북구 양일로 309 (일곡동),종합병원,104,42,175,"내과, 외과, 신경외과, 정형외과, 영상의학과, 마취통증의학과, 소아청소년과, 진단검사의학과, 비뇨기과, 정신건강의학과,응급의학과, 신경과"
광주광역시,"광주광역시 북구 경열로 216-0, 해피뷰병원층 (유동,해피뷰병원)",종합병원,120,75,269,"내과, 외과, 신경외과, 영상의학과, 정신과, 신경과, 정형외과, 가정의학과"
광주광역시,광주광역시 광산구 목련로 316 (신가동),종합병원,141,60,243,"내과, 정형외과, 신경외과, 외과, 재활의학과, 영상의학과, 마취통증의학과, 소아창소년과, 진단검사의학과, 비뇨기과, 신경과, 응급의학과, 산부인과, 정신건강의학과, 치과"
광주광역시,광주광역시 동구 제봉로 42 (학동),종합병원,1552,303,1168,"내과,신경과,정신건강의학과,외과,정형외과,신경외과,흉부외과,성형외과,마취통증의학과,산부인과,소아청소년과,안과,이비인후과,피부과,비뇨기과,영상의학과,방사선종양학과,병리과,진단검사의학과,핵의학과,산업의학과,응급의학과,치과,가정의학과(25개과목)"
광주광역시,광주광역시 북구 면앙로139번길 51 (두암동),종합병원,246,87,326,"내과, 외과, 정형외과, 흉부외과, 신경외과, 산부인과, 소아과, 치과, 방사선과, 진단검사의학과, 마취통증의학과, 비뇨기과, 신경과 (13개과)"
광주광역시,광주광역시 남구 양림로 37 (양림동),종합병원,642,178,596,"내과, 외과, 정형외과, 흉부외과, 산부인과, 소아청소년과, 안과, 이비인후과, 마취통증의학과, 영상의학과, 진단검사의학과, 재활의학과, 피부과, 결핵과, 치과, 신경과, 정신건강의학과, 신경외과, 가정의학과, 비뇨기과, 병리과, 핵의학과,응급의학과"
충청남도,충청남도 홍성군 홍성읍 조양로 224,종합병원,311,107,421,"내과,외과,소아과,산부인과,정형외과,이비인후과,비뇨기과,신경과,정신과,신경외과,안과,마취통증의학과,진단검사
의학과,진단방사선과,치과,응급의학과,성형외과,흉부외과,재활의학과,피부과,가정의학과,직업환경의학과(22개 과목)"
전라남도,전라남도 순천시 우명길 42 (연향동),종합병원,148,67,272,"내과, 외과, 정형외과, 신경외과, 흉부외과, 마취통증의학과, 소아청소년과, 비뇨기과, 영상의학과, 진단검사의학과, 응급의학과, 치과"
전라남도,전라남도 해남군 해남읍 해남로 45,종합병원,101,108,349,"내과, 신경과, 정신건강의학과, 외과, 정형외과, 신경외과, 마취통증의학과, 산부인과, 소아청소년과, 안과, 이비인후과, 영상의학과, 진단검사의학과, 재활의학과, 가정의학과, 치과, 비뇨기과"
경상북도,경상북도 포항시 남구 희망대로 352 (이동),종합병원,284,74,297,
경상북도,경상북도 포항시 남구 포스코대로 351 (대도동),종합병원,902,259,811,"내과, 외과, 소아청소년과, 산부인과, 마취통증의학과, 영상의학과, 병리과, 치과, 신경외과, 정형외과, 성형외과, 흉부외과, 응급의학과, 신경과, 재활의학과, 정신과,   산업의학과, 진단검사의학과, 가정의학과, 안과, 비뇨기과, 이비인후과"
대전광역시,"대전광역시 서구 계백로 1322, (정림동)층 (정림동)",종합병원,190,57,302,
경상북도,경상북도 영천시 오수1길 10 (오수동),종합병원,130,49,233,"내과,외과,정형외과,신경외과,산부인과,소아과,안과,비뇨기과,진단방사선과,병리과,마취통증의학과,성형외과,신경과, 가정의학과"
광주광역시,광주광역시 광산구 첨단월봉로 99 (산월동),종합병원,411,149,616,"내과, 외과, 정형외과, 비뇨기과, 치과, 소아청소년과, 산부인과, 정신건강의학과, 신경외과, 마취통증의학과, 영상의학과, 진단검사의학과, 안과, 이비인후과, 피부과, 해부병리과, 재활의학과, 성형외과, 신경과, 가정의학과, 흉부외과, 핵의학과, 한방내과 ,응급의학과(23개과)"
광주광역시,광주광역시 남구 서문대로654번길 5 (진월동),종합병원,127,50,206,"내과, 외과, 신경외과, 정형외과, 신경과, 영상의학과, 마취통증의학과, 소아청소년과, 비뇨기과, 진단검사의학과, 재활의학과, 응급의학과 (11개과목)"
광주광역시,광주광역시 서구 화운로 1 (화정동),종합병원,194,55,234,"내과, 외과, 정형외과, 흉부외과, 소아청소년과, 응급의학과, 영상의학과, 마취통증의학과, 신경외과, 신경과. 진단검사의학과 (11개과)"
광주광역시,광주광역시 동구 필문대로 365 (학동),종합병원,1143,251,922,"내과,신경과,외과,정신과,정형외과,신경외과,흉부외과,성형외과,마취통증의학과,산부인과,소아과,안과,이비인후과,피부과,비뇨기과,진단방사선과,치료방사선과,해부병리과,진단검사의학과,치과,재활의학과,응급의학과,가정의학과,산업의학과,핵의학과(25개과)"
광주광역시,광주광역시 서구 상무자유로 181-7 (치평동),종합병원,129,55,234,"14개과(내과, 외과, 정형외과, 신경외과, 마취통증의학과, 영상의학과, 흉부외과, 신경과, 소아청소년과, 비뇨기과, 진단검사의학과, 응급의학과, 
          이비인후과, 산부인과)"
경상북도,경상북도 상주시 냉림서성길 7 (냉림동),종합병원,97,52,238,"내과,외과,정형외과,신경외과,신경과,이비인후과,소아청소년과,비뇨기과,마취통증의학과,가정의학과,성형외과,산부인과,영상의학과,진단검사의학과,재활의학과,흉부외과"
전라남도,"전라남도 광양시 공영로 71,  (중동)층 (중동)",종합병원,130,49,203,
광주광역시,광주광역시 북구 설죽로 291 (용봉동),종합병원,190,87,287,"내과, 외과, 정형외과, 신경외과, 소아청소년과, 영상의학과, 마취통증의학과, 진단검사의학과, 응급의학과, 신경과, 산부인과 (11개과)"
전북특별자치도,"전북특별자치도 전주시 덕진구 안덕원로 367, (산정동)층 (산정동)",종합병원,61,87,323,
전북특별자치도,전북특별자치도 부안군 부안읍 오정2길 24,종합병원,71,61,294,
전북특별자치도,전북특별자치도 고창군 고창읍 화신1길 9,종합병원,114,89,288,
경상북도,경상북도 경산시 경안로 208 (중방동),종합병원,176,83,347,"내과, 외과, 정형외과, 신경외과, 소아청소년과, 신경과, 영상의학과, 마취통증의학과, 정신과, 이비인후과,응급의학과, 비뇨기과, 흉부외과, 직업환경의학과, 예방의학과"
전라남도,전라남도 순천시 서문성터길 2 (매곡동),종합병원,135,83,313,
전라남도,전라남도 광양시 진등길 93 (마동),종합병원,109,70,251,"내과, 외과, 정형외과, 신경외과, 마취통증의학과, 소아청소년과, 영상의학과, 직업환경의학과, 치과"
경기도,경기도 평택시 정암로 78-14 (이충동),종합병원,34,47,200,"내과, 외과, 정형외과, 신경외과, 마취통증의학과, 소아청소년과, 영상의학과, 진단검사의학과"
인천광역시,"인천광역시 중구 큰우물로 21 (용동,동인천길병원)",종합병원,42,20,100,"내과, 신경과, 외과, 신경외과, 마취통증의학과, 산부인과, 영상의학과, 병리과, 재활의학과"
인천광역시,"인천광역시 미추홀구 인주대로 452, 금강요양병원, 새한장례식장 (주안동)",종합병원,44,38,145,내과
전라남도,전라남도 광양시 진등길 93 (마동),종합병원,10,35,199,"내과, 외과, 정형외과, 신경외과, 심장혈관흉부외과, 성형외과, 마취통증의학과, 산부인과, 소아청소년과, 비뇨의학과, 영상의학과, 진단검사의학과, 응급의학과, 구강악안면외과, 치과"
전라남도,전라남도 광양시 백운로 1638-11 (금호동),종합병원,15,38,120,"내과, 외과, 정형외과, 신경외과, 성형외과, 마취통증의학과, 산부인과, 소아청소년과, 안과, 이비인후과, 피부과, 영상의학과, 진단검사의학과, 가정의학과, 치과"
전라남도,전라남도 여수시 둔덕5길 19 (둔덕동),종합병원,89,68,295,"내과, 신경과, 정신건강의학과, 외과, 정형외과, 신경외과, 마취통증의학과, 산부인과, 소아청소년과, 안과, 이비인후과, 비뇨의학과, 영상의학과, 진단검사의학과, 가정의학과, 직업환경의학과, 치과"
제주특별자치도,제주특별자치도 제주시 동문로 72 (일도이동),종합병원,16,48,159,"내과, 신경과, 외과, 정형외과, 신경외과, 심장혈관흉부외과, 성형외과, 마취통증의학과, 산부인과, 소아청소년과, 이비인후과, 영상의학과, 병리과, 가정의학과, 예방치과"
광주광역시,광주광역시 서구 신기길 18 (마륵동),종합병원,86,121,501,"내과, 정신건강의학과, 외과, 정형외과, 신경외과, 심장혈관흉부외과, 마취통증의학과, 비뇨의학과, 영상의학과, 진단검사의학과"
부산광역시,부산광역시 금정구 금단로 200 (남산동),종합병원,72,124,374,"내과, 신경과, 정신건강의학과, 외과, 정형외과, 신경외과, 심장혈관흉부외과, 마취통증의학과, 산부인과, 소아청소년과, 안과, 이비인후과, 피부과, 비뇨의학과, 영상의학과, 방사선종양학과, 병리과, 진단검사의학과, 재활의학과, 가정의학과, 응급의학과, 치과, 구강악안면외과"
경상남도,경상남도 밀양시 밀양대로 1959 (내이동),종합병원,14,128,257,"내과, 외과, 마취통증의학과, 산부인과, 영상의학과, 진단검사의학과, 가정의학과, 직업환경의학과"
경상남도,경상남도 양산시 서창로 59 (명동),종합병원,143,74,266,"내과, 신경과, 외과, 정형외과, 마취통증의학과, 산부인과, 소아청소년과, 비뇨의학과, 영상의학과, 진단검사의학과, 응급의학과, 치과"
경상남도,"경상남도 진주시 월아산로 2026, 지하1층,1~6층 (초전동)",종합병원,120,52,178,"내과, 신경과, 외과, 정형외과, 마취통증의학과, 산부인과, 소아청소년과, 비뇨의학과, 영상의학과, 병리과, 재활의학과, 가정의학과, 응급의학과, 치과"
경기도,경기도 남양주시 오남읍 진건오남로797번길 9,종합병원,77,69,265,"내과, 신경과, 외과, 정형외과, 신경외과, 심장혈관흉부외과, 마취통증의학과, 산부인과, 소아청소년과, 이비인후과, 비뇨의학과, 영상의학과, 진단검사의학과, 재활의학과, 응급의학과"
충청북도,"충청북도 충주시 안림로 239-50, 충청북도충주의료원층 (안림동)",종합병원,257,95,330,
충청북도,"충청북도 진천군 진천읍 중앙북로 36-0, 진천성모병원층",종합병원,89,62,265,
인천광역시,"인천광역시 서구 신석로 70-0, 70층 (석남동)",종합병원,152,95,349,
전라남도,전라남도 여수시 둔덕5길 19 (둔덕동),종합병원,65,72,334,"내과, 신경과, 외과, 정형외과, 신경외과, 마취통증의학과, 산부인과, 소아청소년과, 안과, 이비인후과, 비뇨기과, 영상의학과, 진단검사의학과, 가정의학과, 직업환경의학과, 응급의학과, 치과"
인천광역시,인천광역시 중구 큰우물로 21 (용동),종합병원,42,25,119,"내과,외과,영상의학과,마취통증의학과,신경과,병리과,재활의학과,가정의학과치과,산부인과(10개과목)"
